books_id,books_Name,books_Price,books_Author,department_ID,course_ID,faculty_ID
1,"Felis chaus",544,"Eddy Alleyn",194,126,143
2,"Buteo galapagoensis",448,"Toby Norman",65,74,44
3,"Notechis semmiannulatus",548,"Hurlee Moncreif",488,449,189
4,"Bettongia penicillata",244,"Cullin Moraleda",121,389,747
5,"Rhea americana",457,"Bibby Cadman",380,471,424
6,"Gyps bengalensis",302,"Madalyn Lusgdin",103,319,513
7,"Phalaropus lobatus",859,"Imojean MacSweeney",457,334,935
8,"Cordylus giganteus",350,"Hattie Pawlyn",389,329,597
9,"Bubalornis niger",503,"Ashlee Aubin",432,492,980
10,"Semnopithecus entellus",426,"Booth Gernier",373,432,251
11,"Chelodina longicollis",887,"Leonore Drover",63,30,852
12,"Lamprotornis nitens",659,"Cyrus Conaboy",136,181,62
13,"Rangifer tarandus",706,"Antons Kolakovic",234,344,695
14,"Cynictis penicillata",769,"Meris Tuminelli",104,147,994
15,"Paroaria gularis",243,"Tansy Feeney",26,404,135
16,"Phascogale calura",410,"Kynthia Golding",380,108,811
17,"Zalophus californicus",228,"Willi Gomersal",367,158,407
18,"Felis caracal",397,"Janine Palumbo",164,138,967
19,"Ara ararauna",565,"Page Rantoull",108,34,959
20,"Pteropus rufus",940,"Ogden Luttger",452,290,162
21,"Sciurus vulgaris",969,"Shelbi Newband",200,187,669
22,"Eurocephalus anguitimens",858,"Cathrin Ivanyushkin",463,301,103
23,"Sciurus niger",334,"Aaron Blagburn",147,355,117
24,"Carduelis pinus",765,"Reynolds Mariel",350,30,238
25,"Spermophilus tridecemlineatus",583,"Emilia Corrado",397,298,786
26,"Gazella thompsonii",362,"Zandra Jager",151,8,244
27,"Laniarius ferrugineus",985,"Arlina Peer",15,1,260
28,"Ploceus intermedius",566,"Katinka Kerswill",475,397,68
29,"Odocoilenaus virginianus",635,"Bernette Dilloway",390,255,501
30,"Dasyurus viverrinus",852,"Delilah Wilds",200,490,786
31,"Castor fiber",303,"Barbee Spragg",461,347,152
32,"Sarkidornis melanotos",388,"Emmaline Coveney",65,255,724
33,"Gabianus pacificus",849,"Marjy Courtin",184,46,32
34,"Podargus strigoides",551,"Dianne Tutsell",484,306,72
35,"Actophilornis africanus",903,"Stefanie Breazeall",334,461,750
36,"Felis silvestris lybica",471,"Lowrance Burles",315,497,143
37,"Agama sp.",979,"Vicki Hildrew",278,213,820
38,"Ardea cinerea",416,"Casar Crux",384,124,379
39,"Naja haje",602,"Jessamyn Bly",65,34,369
40,"Phoenicopterus ruber",930,"Estevan Wintersgill",23,216,892
41,"Lasiorhinus latifrons",562,"Sher Stonary",234,199,882
42,"Colaptes campestroides",929,"Catlaina Blazeby",136,88,450
43,"Pelecanus conspicillatus",854,"Orazio Inston",373,168,795
44,"Ovis canadensis",507,"Bard MacFarlan",44,297,5
45,"Equus burchelli",884,"Vonni Swigg",477,351,205
46,"Haliaetus vocifer",941,"Yuri Lesser",275,352,74
47,"Nasua narica",711,"Marianna Buyers",272,170,834
48,"Nyctereutes procyonoides",429,"Arielle Ricard",19,67,312
49,"Alopex lagopus",808,"Barbey Shermore",110,448,162
50,"Tursiops truncatus",532,"Thaxter Rodell",324,141,545
51,"Hystrix cristata",489,"Vannie Discombe",157,206,649
52,"Ovis musimon",767,"Leonie Vickress",85,444,218
53,"Eumetopias jubatus",530,"Gabi Dudhill",350,463,612
54,"Trachyphonus vaillantii",922,"Annabela Bavester",214,20,30
55,"Macaca fuscata",767,"Joline Urling",495,185,155
56,"Larus fuliginosus",801,"Johnny Jobe",115,9,711
57,"Lophoaetus occipitalis",486,"Clevey West-Frimley",95,82,411
58,unavailable,707,"Sammy O'Hara",59,247,490
59,"Lamprotornis sp.",899,"Grantham Armfirld",415,462,803
60,"Bettongia penicillata",317,"Marco Cornall",475,393,244
61,"Phoeniconaias minor",889,"Sanderson Heenan",457,45,471
62,"Cervus duvauceli",756,"Saul Corse",183,101,345
63,"Equus burchelli",533,"Wayne Castagnier",95,392,293
64,"Balearica pavonina",993,"Kristoforo Gracewood",310,283,312
65,"Neophron percnopterus",875,"Ganny Sudlow",298,101,588
66,"Pytilia melba",559,"Garvin Bygreaves",98,107,930
67,"Marmota monax",504,"Neile Filppetti",335,333,640
68,"Kobus leche robertsi",206,"Maggi MacAllen",485,319,314
69,"Macaca mulatta",823,"Godwin Howis",239,215,926
70,"Fratercula corniculata",303,"Arabel Pyford",374,450,709
71,"Hystrix cristata",289,"Elberta Hintze",234,22,595
72,"Taxidea taxus",463,"Maxie Basillon",14,103,900
73,"Acridotheres tristis",289,"Susann Lemery",106,457,72
74,"Ovis orientalis",521,"Celesta Snelling",184,301,739
75,"Isoodon obesulus",633,"Randell Fardoe",28,25,561
76,"Tyto novaehollandiae",872,"Gannon Westrope",262,434,596
77,"Dacelo novaeguineae",972,"Lissy Munnings",232,58,810
78,"Alopochen aegyptiacus",412,"Catharina OIlier",247,158,429
79,"Antilocapra americana",264,"Dell Hawthorne",407,495,275
80,"Canis mesomelas",426,"Farica Kellet",48,450,329
81,"Macaca radiata",625,"Emmott Dannatt",136,105,4
82,"Cercatetus concinnus",678,"Norton Briar",296,477,736
83,"Paradoxurus hermaphroditus",593,"Nikolaus Cayette",213,123,509
84,"Echimys chrysurus",607,"Marsh Cawker",71,483,71
85,"Pteropus rufus",889,"Patricia Surman-Wells",146,126,371
86,"Alouatta seniculus",862,"Bonnibelle Niblo",79,237,543
87,"Tadorna tadorna",207,"Elinore Foxon",202,264,517
88,"Uraeginthus angolensis",272,"Lorrayne Aries",339,384,325
89,"Vanellus sp.",734,"Jori Glencros",136,71,121
90,"Ictalurus furcatus",502,"Dare Goschalk",467,303,437
91,"Merops bullockoides",666,"Pierrette Thomas",433,187,883
92,"Nyctanassa violacea",391,"Torey Loade",158,135,784
93,"Limnocorax flavirostra",302,"Marcy Digweed",164,233,723
94,"Cercopithecus aethiops",248,"Rolf Records",145,24,420
95,"Vombatus ursinus",743,"Brendon Sollom",333,271,833
96,"Dasyprocta leporina",446,"Cindie Fookes",88,252,847
97,"Panthera leo persica",939,"Ber Noden",31,234,331
98,"Vulpes cinereoargenteus",554,"Cherey Baitey",437,344,875
99,"Acridotheres tristis",418,"Janith Stuttman",94,319,166
100,"Centrocercus urophasianus",471,"Hillary Waliszek",258,68,188
101,"Tiliqua scincoides",947,"Marie-jeanne Keetley",327,144,389
102,"Equus burchelli",224,"Camella Griffithe",86,148,681
103,"Colobus guerza",440,"Eolande Mamwell",396,487,974
104,"Uraeginthus bengalus",944,"Shawn McDonald",463,497,676
105,"Centrocercus urophasianus",667,"Jeromy Gambell",476,427,658
106,"Gerbillus sp.",389,"Clayson Dorrian",268,157,603
107,"Butorides striatus",986,"Sydney Filipic",119,401,560
108,"Deroptyus accipitrinus",730,"Griffith Chaloner",488,248,642
109,"Ursus americanus",845,"Angeli Eastbrook",293,411,93
110,"Callipepla gambelii",526,"Odo Rupke",430,114,14
111,"Columba livia",253,"Maggy Kirkhouse",269,339,884
112,"Hyaena brunnea",249,"Ilse Chaudhry",308,325,398
113,"Macropus eugenii",708,"Leopold Pettie",99,124,543
114,"Trachyphonus vaillantii",427,"Maximilianus Ormesher",332,430,820
115,"Nannopterum harrisi",525,"Jess Schroder",129,69,494
116,"Alligator mississippiensis",519,"Reiko Yurchenko",150,431,826
117,"Cabassous sp.",371,"Frederique Seth",349,485,923
118,"Lemur catta",674,"Barth Kruszelnicki",327,383,608
119,"Aonyx capensis",697,"Marthe Davidavidovics",115,459,773
120,"Spilogale gracilis",300,"Even Stirland",61,80,270
121,"Morelia spilotes variegata",936,"Mar Kless",408,149,568
122,"Alcelaphus buselaphus cokii",204,"Tildy Cathro",428,371,24
123,"Pelecans onocratalus",974,"Germaine Whitehead",434,72,930
124,"Ephippiorhynchus mycteria",735,"Shannon Blanchette",35,478,834
125,"Felis pardalis",457,"Euphemia Desporte",425,336,660
126,"Ninox superciliaris",527,"Morse Claisse",442,171,754
127,"Theropithecus gelada",926,"Amandi Danielsson",240,197,983
128,"Heloderma horridum",560,"Sammy Driver",160,429,911
129,"Uraeginthus granatina",325,"Samara Fend",253,140,327
130,"Pytilia melba",570,"Darda Killgus",349,175,616
131,"Macropus eugenii",673,"Berky Senner",289,128,48
132,"Gyps bengalensis",948,"Kellia Brayson",210,326,249
133,"Lamprotornis nitens",938,"Cindi Bedle",498,450,925
134,"Dendrohyrax brucel",881,"Chryste Patton",68,314,596
135,"Chelodina longicollis",381,"Beckie Tomasini",231,126,560
136,"Spizaetus coronatus",267,"Thatcher Dimock",121,187,510
137,"Leptoptilos crumeniferus",343,"Brandy Antonopoulos",5,233,240
138,"Macaca nemestrina",683,"Sibelle Tombling",18,76,409
139,"Buteo galapagoensis",623,"Antonia Viccars",325,436,67
140,"Gazella granti",946,"Adela Biasioni",333,65,650
141,"Tachybaptus ruficollis",308,"Abel McVeighty",310,154,293
142,"Corythornis cristata",602,"Delcina Williamson",211,439,459
143,"Xerus sp.",325,"Ashil Ryan",175,284,958
144,"Laniarius ferrugineus",553,"Krysta Churchman",498,400,911
145,"Lemur catta",528,"Randal Berendsen",302,207,832
146,"Anastomus oscitans",342,"Jyoti Stollenwerck",155,295,259
147,"Vulpes vulpes",982,"Datha Geraldini",218,41,601
148,"Ephippiorhynchus mycteria",646,"Dorris Birt",393,407,239
149,"Bubalornis niger",734,"Uta Powlett",211,168,670
150,"Kobus leche robertsi",546,"Roanna Janicijevic",270,490,589
151,"Aonyx cinerea",920,"Ninon Brokenbrow",410,78,670
152,"Alectura lathami",865,"Jean Leighfield",463,286,660
153,"Mungos mungo",864,"Veronike Trevains",76,438,149
154,"Falco mexicanus",360,"Ninon Clemo",118,227,975
155,"Fregata magnificans",279,"Georgetta Freak",22,439,69
156,"Plocepasser mahali",511,"Ofelia Quaife",341,264,381
157,"Agelaius phoeniceus",990,"Deborah Dicks",467,38,185
158,"Corvus albus",879,"Marinna Bullas",351,29,69
159,"Geochelone radiata",457,"Jareb Timlin",25,375,220
160,"Macropus agilis",220,"Agneta Wilce",279,377,213
161,"Macropus agilis",959,"Suzette Burel",45,3,939
162,"Phoca vitulina",838,"Tris De Laci",283,339,576
163,"Canis mesomelas",947,"Jaynell Dibling",70,38,946
164,"Plocepasser mahali",530,"Hi Stirrip",314,32,432
165,"Ciconia episcopus",854,"Emmaline Gamwell",361,435,739
166,"Cordylus giganteus",726,"Saba Giral",421,399,579
167,"Ardea cinerea",789,"Dieter Bourgeois",190,170,818
168,"Irania gutteralis",310,"Renie Clancy",205,150,271
169,"Graspus graspus",942,"Elinore Meenehan",298,217,105
170,"Sula dactylatra",400,"Alisun Lenoir",79,279,389
171,"Mellivora capensis",530,"Clerissa Coulbeck",330,361,90
172,"Diomedea irrorata",312,"Albie Dunsford",30,60,502
173,"Stercorarius longicausus",752,"Lauritz Pyffe",96,499,502
174,"Ploceus rubiginosus",694,"Kylila Kleinlerer",122,188,886
175,"Hyaena hyaena",733,"Constancy Heaford",144,310,212
176,"Salvadora hexalepis",530,"Danie Du Hamel",321,480,249
177,"Alopochen aegyptiacus",941,"Korry Richter",301,352,68
178,"Chamaelo sp.",965,"Traver Emmer",127,217,213
179,"Crotalus cerastes",498,"Tonia Petegrew",399,186,219
180,"Melursus ursinus",920,"Vivi Andric",105,48,632
181,"Nycticorax nycticorax",363,"Rhiamon Hyndley",287,139,49
182,"Ceratotherium simum",439,"Elihu Cubbino",179,282,147
183,"Boselaphus tragocamelus",438,"Debor Oggers",390,261,839
184,"Macropus agilis",743,"Keene Willoughway",147,319,131
185,"Felis silvestris lybica",855,"Jehanna Zecchii",307,125,536
186,"Lycosa godeffroyi",665,"Teddie Ecclestone",238,486,703
187,"Kobus defassa",558,"Leoline Reyson",406,217,138
188,"Ovis dalli stonei",656,"Martita Elijah",258,1,580
189,"Agelaius phoeniceus",875,"Arline Kleinstub",76,112,374
190,"Sula dactylatra",648,"Clayson Leyban",157,41,682
191,"Pytilia melba",440,"Rosetta Mishow",119,122,254
192,"Spheniscus mendiculus",374,"Phyllida Gentzsch",431,327,259
193,"Milvus migrans",661,"Katerine Fullom",328,218,51
194,"Corvus albicollis",911,"Claudell Thow",283,129,674
195,"Haliaeetus leucocephalus",335,"Mahmoud Jeenes",112,420,197
196,"Bubo virginianus",218,"Averell Vineall",376,479,312
197,"Laniaurius atrococcineus",496,"Shurlock Oxbury",341,485,209
198,"Genetta genetta",855,"Felicle Bearblock",109,245,452
199,"Buteo galapagoensis",422,"Tito Kabisch",400,208,50
200,"Hippotragus equinus",898,"Adolph Woodman",246,471,283
201,"Aquila chrysaetos",289,"Nessa Gow",390,306,643
202,"Ovis canadensis",318,"Cristobal Poltone",262,478,248
203,"Casmerodius albus",630,"Jacquette Krauze",16,86,695
204,"Colobus guerza",639,"Jerry Francis",17,290,478
205,"Anitibyx armatus",330,"Gussi Yourell",415,151,734
206,"Ursus arctos",564,"Saundra Jessope",441,94,677
207,"Alligator mississippiensis",595,"Ianthe Pilmore",303,349,693
208,"Alcelaphus buselaphus cokii",629,"Ariella Beart",326,260,625
209,"Phascolarctos cinereus",219,"Andrea Lassells",392,33,931
210,"Phalacrocorax albiventer",732,"Zaneta Harkes",262,89,915
211,"Rangifer tarandus",823,"Arlen Brim",195,72,748
212,"Motacilla aguimp",504,"Thurston Strangeway",239,296,615
213,unavailable,464,"Chev Jamison",279,23,294
214,"Tetracerus quadricornis",421,"Viola Sausman",59,488,70
215,"Buteo galapagoensis",203,"Hasheem Airey",153,293,247
216,"Bubulcus ibis",368,"Raeann Bugden",199,14,425
217,"Lemur fulvus",939,"Richmond Scopham",438,152,836
218,"Equus hemionus",364,"Constantine Beton",200,115,824
219,"Manouria emys",664,"Rollie Clara",385,210,74
220,"Haliaeetus leucocephalus",250,"Lelah Pennells",364,322,640
221,"Calyptorhynchus magnificus",492,"Halli Cheers",110,335,747
222,"Dasyurus maculatus",326,"Meryl Torre",329,448,380
223,"Phascolarctos cinereus",250,"Christan Hobbema",84,102,617
224,"Vulpes chama",972,"Sapphira Firman",238,241,955
225,"Stercorarius longicausus",865,"Tarrance Derrington",232,106,974
226,"Eudyptula minor",546,"Ulysses Hargey",35,64,186
227,"Canis aureus",793,"Johanna Stapleford",305,115,611
228,"Chlamydosaurus kingii",401,"Susy Yuryichev",263,195,497
229,"Lycosa godeffroyi",220,"Bobbie Winn",177,455,900
230,"Canis lupus",545,"Darci Jakubiak",72,268,653
231,"Rhabdomys pumilio",283,"Davina Ropert",308,54,884
232,"Gyps bengalensis",874,"Louise Goodrick",20,292,959
233,"Tamiasciurus hudsonicus",547,"Stanly Tidman",257,117,794
234,"Phoenicopterus chilensis",660,"Alison Ivashov",497,54,354
235,"Sus scrofa",430,"Adeline Mulleary",117,147,236
236,"Tringa glareola",372,"Sarita Fallowfield",440,241,937
237,"Trichoglossus chlorolepidotus",709,"Maggy Moriarty",290,493,963
238,"Tauraco porphyrelophus",240,"Oralie Noorwood",448,26,442
239,"Petaurus norfolcensis",829,"Drusie Morillas",42,400,914
240,"Grus canadensis",386,"Humfried Moulsdale",46,190,251
241,"Connochaetus taurinus",210,"Meryl Pietzker",12,496,764
242,"Coluber constrictor foxii",690,"Jonah Juste",335,170,214
243,"Melursus ursinus",875,"Shelley Jeffcoate",85,393,51
244,"Papio cynocephalus",284,"Burch Nozzolii",123,24,824
245,"Tachyglossus aculeatus",212,"Gerri Crosby",41,362,761
246,"Neophoca cinerea",467,"Engelbert Matusson",364,80,238
247,"Tragelaphus scriptus",959,"Minor Warrener",113,349,776
248,"Taxidea taxus",409,"Sherwin Askell",204,427,855
249,"Gymnorhina tibicen",589,"Danya Wapples",373,100,365
250,"Sarcophilus harrisii",866,"Carita McLeary",151,139,554
251,"Paradoxurus hermaphroditus",777,"Imelda Gillbanks",416,430,111
252,"Leprocaulinus vipera",835,"Catharina Mulryan",434,56,216
253,"Charadrius tricollaris",829,"Ambros Stennard",306,457,184
254,"Acrobates pygmaeus",414,"Freddie Clynman",41,490,668
255,"Tockus flavirostris",429,"Martha Keyse",250,224,554
256,"Macaca radiata",666,"Lem Klossmann",176,388,871
257,"Priodontes maximus",709,"Odelia Drabble",244,188,206
258,"Ara chloroptera",998,"Lindie Joss",387,20,82
259,"Bubulcus ibis",548,"Ali Guidera",46,151,677
260,"Hyaena hyaena",554,"Kellyann Mansbridge",218,288,548
261,"Cervus elaphus",217,"Rosabelle Scapens",136,369,1000
262,"Cordylus giganteus",627,"Erin Raper",494,223,113
263,"Spheniscus magellanicus",488,"Rodney Swarbrick",379,360,23
264,"Dasypus septemcincus",297,"Melisandra St Louis",170,208,823
265,"Dendrocygna viduata",810,"Durant Petrecz",63,335,845
266,"Antechinus flavipes",748,"Sue Bentame",65,353,204
267,"Alcelaphus buselaphus caama",879,"Liana Tyers",241,26,612
268,"Dusicyon thous",610,"Ingemar Olrenshaw",24,277,852
269,"Damaliscus dorcas",257,"Lodovico Corradengo",242,304,15
270,"Pseudocheirus peregrinus",230,"Sybille Flack",348,189,573
271,"Pelecans onocratalus",835,"Solomon Clurow",72,346,495
272,"Butorides striatus",697,"Hunter Babington",83,13,532
273,"Canis aureus",899,"Sheelagh Apthorpe",202,276,276
274,"Climacteris melanura",274,"Rey Chuney",103,80,851
275,"Zenaida asiatica",397,"Cassondra Lambird",244,484,565
276,"Paradoxurus hermaphroditus",237,"Irina Mostin",414,465,890
277,"Mazama gouazoubira",280,"Kippy Treversh",31,277,729
278,"Sula dactylatra",200,"Grissel Keelinge",316,137,278
279,"Ictalurus furcatus",773,"Maximilian Dobbison",400,335,268
280,"Sylvicapra grimma",358,"Beckie Radborne",314,25,255
281,"Trachyphonus vaillantii",624,"Martguerita Call",440,87,927
282,"Bettongia penicillata",989,"Candy Clawley",32,29,838
283,"Nasua narica",865,"Rudiger Bartholin",330,348,674
284,"Platalea leucordia",258,"Nicky Leavy",207,256,154
285,"Ara chloroptera",358,"Klemens Jennaway",374,193,506
286,"Coluber constrictor",540,"Angel Ferfulle",84,226,120
287,"Haliaeetus leucoryphus",223,"Robin Coolahan",99,264,303
288,"Aegypius tracheliotus",254,"Waring Barlas",133,471,321
289,"Pseudocheirus peregrinus",764,"Christine Arnaud",484,287,889
290,"Libellula quadrimaculata",452,"Simmonds Langrick",13,288,419
291,"Priodontes maximus",907,"Claybourne Olyonov",333,267,343
292,"Nasua narica",779,"Timothy Testo",390,321,993
293,"Porphyrio porphyrio",544,"Tuck Tracy",418,173,689
294,"Uraeginthus granatina",258,"Judith Murrock",163,161,478
295,"Felis serval",513,"Zonda Vance",24,291,49
296,"Climacteris melanura",338,"Cal Race",309,420,892
297,"Zalophus californicus",288,"Wynn Fraine",332,327,646
298,"Buteo galapagoensis",881,"Arly Fullman",186,450,871
299,"Ursus americanus",349,"Kennan Carragher",340,52,439
300,"Pseudocheirus peregrinus",738,"Beverly Belcham",193,97,96
301,"Lamprotornis sp.",873,"Roxie Aronov",136,282,155
302,"Canis mesomelas",389,"Shell Pennington",70,376,733
303,"Bison bison",492,"Alyssa Deek",19,131,145
304,"Casmerodius albus",832,"Caria Primrose",66,435,497
305,"Alcelaphus buselaphus cokii",544,"Tristan Dilkes",6,428,253
306,"Centrocercus urophasianus",232,"Zeb Loddon",491,425,138
307,"Alcelaphus buselaphus caama",638,"Samaria Tunnah",64,228,983
308,"Ornithorhynchus anatinus",618,"Amity Dukes",470,133,914
309,"Sylvicapra grimma",635,"Karin Lippitt",105,326,240
310,"Spheniscus magellanicus",539,"Saundra Philimore",5,278,449
311,"Uraeginthus granatina",732,"Flo Jenkins",443,32,989
312,unavailable,544,"Bordy Govett",49,217,298
313,"Galago crassicaudataus",994,"Jordan Mackin",281,228,386
314,"Merops nubicus",607,"Sawyer Deex",125,124,190
315,"Pitangus sulphuratus",265,"Reiko Cartmail",142,454,293
316,"Psittacula krameri",929,"Tristan Anscombe",393,448,444
317,"Nucifraga columbiana",696,"Vito Chaimson",121,300,269
318,"Bugeranus caruncalatus",674,"Harper Kleimt",89,17,205
319,"Actophilornis africanus",808,"Elayne Bockmaster",41,75,885
320,"Scolopax minor",206,"Maxy Heino",345,1,795
321,"Junonia genoveua",403,"Meir Hawlgarth",13,48,247
322,"Ardea cinerea",731,"Graeme Winter",124,387,700
323,"Acrobates pygmaeus",313,"Bunny Escolme",416,101,455
324,"Recurvirostra avosetta",345,"Chester Mora",417,240,694
325,"Uraeginthus granatina",681,"Dniren Chese",375,405,916
326,"Delphinus delphis",747,"Annelise Hillyatt",32,440,887
327,"Caiman crocodilus",833,"Bonnie Tinghill",481,494,276
328,"Vulpes vulpes",507,"Vita Andrys",363,134,153
329,"Microcebus murinus",341,"Major McBeth",327,362,839
330,"Ceratotherium simum",989,"Donnajean Sleath",446,15,975
331,"Hyaena brunnea",591,"Felice McCarly",27,124,553
332,"Sagittarius serpentarius",479,"Kingsley Espley",248,201,352
333,"Nucifraga columbiana",484,"Rachael Hardeman",469,375,956
334,"Sciurus niger",856,"Brockie O'Ruane",53,62,878
335,"Leptoptilus dubius",621,"Ethelda Coffelt",495,36,525
336,"Phoenicopterus ruber",466,"Ibbie O'Shea",89,34,903
337,"Gymnorhina tibicen",480,"Gregory Zamboniari",435,64,24
338,"Butorides striatus",654,"Archy Suatt",214,137,64
339,"Libellula quadrimaculata",491,"Tine Ganforth",34,70,343
340,"Nucifraga columbiana",522,"Lenora Remer",158,217,309
341,"Felis libyca",916,"Orella Strutz",465,48,294
342,"Lutra canadensis",693,"Windham Corr",245,411,188
343,"Zenaida galapagoensis",417,"Miguelita Salvage",346,254,695
344,"Ara macao",272,"Erskine Stanway",472,473,342
345,"Castor fiber",338,"Marlo Janaud",154,318,398
346,"Sula dactylatra",711,"Stanwood Wheelhouse",50,405,155
347,"Pavo cristatus",262,"Orsa Mansuer",11,48,622
348,"Eumetopias jubatus",673,"Kikelia Handrick",307,189,523
349,"Felis concolor",771,"Theresa Alentyev",159,242,553
350,"Capreolus capreolus",439,"Gabey Morrad",444,245,415
351,"Cervus duvauceli",978,"Worthy Patullo",136,449,77
352,"Manouria emys",787,"Sigfrid Swinfen",250,241,463
353,"Oreamnos americanus",546,"Gilemette Sherman",478,275,151
354,"Phalacrocorax niger",553,"Jasmin Buddell",426,119,112
355,"Castor fiber",730,"Dolf Buckeridge",75,436,341
356,"Mycteria ibis",819,"Ania Bruin",185,298,494
357,"Vulpes cinereoargenteus",519,"Filip Bett",154,366,295
358,"Paroaria gularis",804,"Jonathan Boyen",300,104,50
359,"Ratufa indica",707,"Binnie McCullouch",393,331,572
360,"Hystrix indica",978,"Ester Laxon",332,443,126
361,"Leptoptilos crumeniferus",376,"Celka Thicking",100,428,973
362,"Madoqua kirkii",312,"Oran Hailston",268,372,355
363,"Anas platyrhynchos",419,"Amelina Goodlife",13,369,466
364,"Aegypius tracheliotus",922,"Elana Phant",494,449,404
365,"Ateles paniscus",504,"Tomkin Damsell",307,46,938
366,unavailable,881,"Urbano Maypes",101,384,472
367,"Crotalus cerastes",412,"Lesli Moyler",43,480,718
368,"Gazella thompsonii",550,"Kyle Naisey",75,198,276
369,"Tiliqua scincoides",377,"Nadya Sevior",73,494,253
370,"Oryx gazella",618,"Vito Wraight",304,226,65
371,"Sciurus vulgaris",427,"Cindy Guinan",170,458,480
372,"Phalaropus fulicarius",510,"Saba Dowdney",48,395,224
373,"Milvus migrans",479,"Stevy Ales0",236,189,894
374,"Vulpes vulpes",732,"Annora Izard",341,409,17
375,"Phalacrocorax niger",486,"Lyssa Turle",270,290,474
376,"Colaptes campestroides",719,"Garald Langthorne",39,20,235
377,"Aonyx capensis",628,"Therine Suermeiers",473,16,314
378,"Lepus arcticus",341,"Caressa Sharer",279,139,52
379,"Chloephaga melanoptera",483,"Emmie Alaway",420,405,162
380,"Buteo galapagoensis",542,"Pace Gors",245,374,909
381,"Alopex lagopus",945,"Launce Mac Giany",98,289,367
382,"Coluber constrictor",248,"Claudetta Rosenfarb",329,478,226
383,"Anas bahamensis",744,"Sherline Shallo",145,121,975
384,"Phalacrocorax varius",523,"Willy Cicco",376,380,926
385,"Rhea americana",234,"Demetra Metcalf",476,474,283
386,"Colobus guerza",789,"Sampson Pautard",306,433,98
387,"Calyptorhynchus magnificus",994,"Tannie Bunker",460,194,893
388,"Alouatta seniculus",230,"Franky Dabbes",455,153,318
389,"Zenaida galapagoensis",295,"Park D'eye",219,35,641
390,"Ephippiorhynchus mycteria",904,"Wendell De Andreis",377,463,365
391,"Macropus rufogriseus",496,"Deidre Stronach",188,115,647
392,"Theropithecus gelada",968,"Paddie Izac",353,381,334
393,"Heloderma horridum",968,"Shea Browell",53,227,404
394,"Stenella coeruleoalba",226,"Helaina Powrie",390,312,890
395,"Crotaphytus collaris",844,"Randolf Davana",332,383,242
396,"Leipoa ocellata",641,"Aurelia Alvarez",260,328,541
397,"Prionace glauca",600,"Arline Winspire",215,350,157
398,"Diomedea irrorata",398,"Shermie Julien",95,98,26
399,"Mephitis mephitis",916,"Kamilah Mattys",162,442,453
400,"Terathopius ecaudatus",679,"Henrietta Harker",220,391,76
401,"Cacatua tenuirostris",301,"Cyb Coogan",500,395,122
402,"Dasyurus maculatus",292,"Ettore Shower",12,101,545
403,"Sarcorhamphus papa",928,"Nikki Gillson",426,138,428
404,"Bison bison",654,"Candy Barter",235,455,274
405,"Dusicyon thous",923,"Darin Surby",286,115,14
406,"Ctenophorus ornatus",631,"Rubie Carsberg",17,500,333
407,"Lamprotornis sp.",338,"Annis Ferraresi",107,160,414
408,"Chelodina longicollis",324,"Marylou Ellams",257,240,128
409,"Tockus flavirostris",400,"Octavius Lortzing",433,271,464
410,"Bubalornis niger",664,"Linet Lorie",288,483,862
411,"Canis aureus",645,"Nikolai Potten",191,119,718
412,"Laniaurius atrococcineus",709,"Caryl Slipper",253,89,510
413,"Alopochen aegyptiacus",322,"Kim Bedells",190,500,110
414,"Macaca mulatta",717,"Avivah Fortnam",493,269,43
415,"Cathartes aura",565,"Leora Gayler",95,334,195
416,"Chelodina longicollis",864,"Rick Croucher",186,375,106
417,"Bucorvus leadbeateri",201,"Amalee Batiste",210,388,970
418,"Columba livia",492,"Hugo Merrilees",61,419,851
419,"Sarkidornis melanotos",578,"Bordy McKaile",435,479,604
420,"Anas bahamensis",632,"Darda Dyer",444,400,605
421,"Globicephala melas",317,"Donovan Tutill",446,414,14
422,"Procyon lotor",700,"Vernice Kerin",288,360,54
423,"Nasua nasua",973,"Tammy Jovovic",223,177,415
424,"Vicugna vicugna",844,"Camella Clace",456,17,836
425,"Spermophilus richardsonii",796,"Benoite Andreaccio",191,38,468
426,"Deroptyus accipitrinus",697,"Donetta Raffon",116,416,720
427,"Rhea americana",474,"Wesley Plant",115,481,358
428,"Pan troglodytes",818,"Lilllie Dunbavin",392,36,36
429,"Macropus fuliginosus",907,"Kennan O'Monahan",442,327,135
430,"Corvus brachyrhynchos",649,"Dionisio Kershow",183,233,320
431,"Macropus eugenii",382,"Petrina Marmion",67,67,773
432,"Chloephaga melanoptera",900,"Benjie Betterton",372,190,825
433,"Cabassous sp.",636,"Lorenza Lant",440,61,341
434,"Sylvicapra grimma",483,"Jessika Novello",208,488,902
435,"Gazella thompsonii",199,"Gregory Bagworth",59,255,176
436,"Cyrtodactylus louisiadensis",931,"Sallyanne Morrieson",151,207,518
437,"Alopex lagopus",568,"Roderigo Callis",409,39,882
438,"Nasua nasua",529,"Rubina Dagger",75,479,600
439,"Crotaphytus collaris",741,"Gaile Goozee",426,51,420
440,"Phascogale calura",474,"Colette Tutill",258,143,221
441,"Semnopithecus entellus",220,"Leonelle Timmis",421,330,184
442,"Meleagris gallopavo",568,"Clive Arends",92,120,298
443,"Pandon haliaetus",540,"Emmaline Sausman",271,63,267
444,"Pseudoleistes virescens",880,"Gustie Werendell",76,129,527
445,"Paraxerus cepapi",695,"Ailbert Broyd",236,417,170
446,"Varanus salvator",824,"Pacorro McCoid",362,283,9
447,"Casmerodius albus",444,"Jerrine Leather",207,2,620
448,"Phascogale calura",494,"Adiana Goreway",378,119,407
449,"Carphophis sp.",445,"Derry Garnham",431,190,300
450,"Dusicyon thous",558,"Darelle Minichillo",242,36,267
451,"Semnopithecus entellus",368,"Coletta Hyndson",491,319,766
452,"Sagittarius serpentarius",795,"Suzi Rable",337,52,791
453,"Haematopus ater",826,"Katharine Dressel",236,481,894
454,"Varanus salvator",858,"Kermit Lamping",492,382,942
455,"Tragelaphus strepsiceros",486,"Sloane Barabich",126,478,849
456,"Vulpes chama",716,"Calla Jancar",418,335,368
457,"Bugeranus caruncalatus",221,"Darda Konmann",42,257,692
458,"Manouria emys",930,"Gayla Bennike",470,32,915
459,"Zonotrichia capensis",379,"Rozella Kless",79,440,323
460,"Cacatua tenuirostris",528,"Cleveland Cuniam",414,203,957
461,"Laniaurius atrococcineus",728,"Britte Pearman",137,258,138
462,"Cynictis penicillata",978,"Hetti Dyball",449,445,706
463,"Ninox superciliaris",476,"Grantley Bromilow",395,7,12
464,"Scolopax minor",242,"Stepha Sainthill",398,400,917
465,"Sarcorhamphus papa",707,"Hyacinth Paton",2,64,356
466,"Galictis vittata",560,"Jillene McReynold",370,110,661
467,"Irania gutteralis",400,"Rubina Dullard",313,427,941
468,"Larus dominicanus",430,"Peria Iverson",453,136,166
469,"Panthera leo persica",552,"Evania Gawne",331,66,451
470,"Phoenicopterus ruber",488,"Cacilia Sambidge",308,396,23
471,"Chloephaga melanoptera",399,"Stepha Spillard",306,144,525
472,"Ramphastos tucanus",349,"Harlie Darby",363,68,987
473,"Chloephaga melanoptera",275,"Julian Tremollet",434,46,981
474,"Papio ursinus",574,"Rianon Cavey",267,359,910
475,"Semnopithecus entellus",427,"Katee Kloss",323,91,321
476,"Zenaida asiatica",302,"Corenda Longstaff",236,349,830
477,"Mellivora capensis",729,"Anastasia Aingell",90,156,318
478,"Neophoca cinerea",678,"Ceil Lowers",44,170,11
479,"Grus rubicundus",550,"Brigida Cuncarr",99,328,209
480,"Oxybelis sp.",427,"Muriel Ivanaev",305,371,732
481,"Eumetopias jubatus",503,"Maybelle Serman",224,142,589
482,"Alcelaphus buselaphus cokii",367,"Thelma Pryer",312,1,557
483,"Dasyurus viverrinus",506,"Cathleen Eykelhof",293,424,41
484,"Columba palumbus",601,"Eadie Scutts",17,137,40
485,"Centrocercus urophasianus",966,"Brantley Venour",376,419,707
486,"Crotalus adamanteus",345,"Mayor Alldridge",414,286,822
487,"Manouria emys",607,"Ruthy Game",195,316,941
488,"Melophus lathami",951,"Pat Biggin",275,101,382
489,"Lorythaixoides concolor",724,"Camile Skyme",425,370,565
490,"Vulpes chama",811,"Godfry Dagg",302,209,618
491,"Funambulus pennati",907,"Kippie Hansbury",231,166,843
492,"Morelia spilotes variegata",778,"Alie Fintoph",31,289,132
493,"Meles meles",850,"Lenka Traise",233,309,70
494,"Panthera onca",228,"Marve Jockle",446,297,93
495,"Parus atricapillus",894,"Yevette Houldin",308,131,260
496,"Theropithecus gelada",967,"Isabeau Gley",407,214,129
497,"Oreamnos americanus",808,"Ryann Rickaert",454,39,133
498,"Paradoxurus hermaphroditus",710,"Veronike Buxsey",222,98,955
499,"Fulica cristata",312,"Darcey Duckett",454,423,965
500,"Giraffe camelopardalis",864,"Lonna Thornley",45,330,691
501,"Helogale undulata",724,"Juliann Crank",10,13,582
502,"Phalacrocorax albiventer",368,"Dick Pidgen",392,282,367
503,"Paroaria gularis",509,"Eryn Smieton",78,363,377
504,"Merops nubicus",377,"Lu Rawne",199,402,771
505,"Thamnolaea cinnmomeiventris",977,"Mada Shallcross",284,195,621
506,"Petaurus norfolcensis",729,"Felisha Musgrave",464,456,323
507,"Oryx gazella",380,"Thorstein Levings",368,126,620
508,"Numida meleagris",504,"Caren Aynsley",125,260,138
509,"Pycnonotus barbatus",255,"Akim Balden",98,396,555
510,"Alouatta seniculus",437,"Teddie Dacre",256,220,284
511,"Bubo sp.",220,"Augie Valentino",341,63,663
512,"Cebus apella",940,"Cacilia Oldfield",8,78,843
513,"Choloepus hoffmani",341,"Flossi Wrigglesworth",222,168,63
514,"Cebus apella",216,"Darrel Beldum",49,267,50
515,"Lepus arcticus",392,"Paule O'Deegan",10,352,235
516,"Pelecanus conspicillatus",886,"Olivette Billings",461,185,683
517,"Microcebus murinus",199,"Brook Steagall",126,337,268
518,"Turtur chalcospilos",387,"Hilary Mosten",27,242,74
519,"Ornithorhynchus anatinus",433,"Lettie Drinkall",51,425,824
520,"Ictonyx striatus",803,"Maggee Abela",329,313,944
521,"Alligator mississippiensis",844,"Wolfy Buttel",480,1,532
522,"Leptoptilos crumeniferus",377,"Jodie Breddy",410,232,89
523,"Vanellus armatus",640,"Timmie Swindley",464,281,462
524,"Ciconia ciconia",289,"Gradey Basso",314,311,598
525,"Alopex lagopus",710,"Dael Wrotchford",483,486,57
526,"Eremophila alpestris",622,"Nanci Weadick",82,471,755
527,"Felis wiedi or Leopardus weidi",576,"Adena Piecha",166,60,652
528,"Anas bahamensis",870,"Perren Hathorn",261,17,862
529,"Phalacrocorax niger",243,"Dory Harler",359,248,771
530,"Merops nubicus",339,"Bell Sendall",455,479,940
531,"Coracias caudata",590,"Coriss Astridge",444,177,741
532,"Vulpes chama",791,"Den Law",460,250,82
533,"Mycteria ibis",200,"Leontine Carreyette",222,222,795
534,"Trachyphonus vaillantii",467,"Sallyann Farherty",374,223,928
535,"Dasyurus viverrinus",211,"Gayleen Snowsill",377,77,835
536,"Pseudoleistes virescens",817,"Andria Pray",126,219,948
537,"Lamprotornis nitens",468,"Linn Jurca",160,18,734
538,"Macaca mulatta",839,"Gerrie Canadine",115,122,356
539,"Macropus fuliginosus",904,"Marchelle Rapps",300,370,58
540,"Phascogale calura",540,"Corey Caulket",122,282,329
541,"Cereopsis novaehollandiae",547,"Maryanna Kermon",304,140,744
542,"Larus dominicanus",624,"Jeniffer Zarfai",417,281,312
543,"Choloepus hoffmani",487,"Eada Josum",218,15,742
544,"Paradoxurus hermaphroditus",277,"Dede Alcido",86,14,394
545,"Tachyglossus aculeatus",714,"Hazel Wookey",433,84,420
546,"Francolinus swainsonii",418,"Gordie Mulryan",172,374,869
547,"Phoeniconaias minor",367,"Jane Filtness",399,364,485
548,"Neotis denhami",817,"Athena McGuffog",316,383,246
549,"Gabianus pacificus",394,"Mart La Wille",470,283,513
550,"Echimys chrysurus",743,"Bary Dowe",405,170,108
551,"Ardea cinerea",386,"Giovanni Bonnavant",251,302,480
552,"Stercorarius longicausus",820,"Darlleen McCorkell",34,344,623
553,"Fregata magnificans",887,"Bethanne Whinray",92,55,811
554,"Cordylus giganteus",239,"Aeriell Greer",473,428,119
555,"Pelecanus conspicillatus",262,"Celestia Toupe",331,254,697
556,"Damaliscus lunatus",226,"Farra Reglar",297,121,399
557,"Cochlearius cochlearius",863,"Garv Ferrao",459,448,64
558,"Priodontes maximus",556,"Ravi Brumhead",191,139,149
559,"Meleagris gallopavo",728,"Bamby Oliphand",391,121,894
560,"Tachybaptus ruficollis",327,"Cosetta Francescoccio",218,74,244
561,"Manouria emys",976,"Sheri Shadrach",470,379,875
562,"Leipoa ocellata",279,"Rikki Mea",362,463,223
563,"Anastomus oscitans",421,"Nataniel Weavill",21,353,489
564,"Bubalus arnee",304,"Cathrine Dodshun",74,301,194
565,"Dacelo novaeguineae",843,"Sebastiano Palia",360,120,538
566,"Leipoa ocellata",836,"Milena Moggle",184,290,798
567,"Gorilla gorilla",446,"Colly Ebbetts",131,159,276
568,"Chordeiles minor",887,"Renelle Jacklin",228,268,60
569,"Diomedea irrorata",427,"Randie McCorkell",332,184,763
570,"Nycticorax nycticorax",532,"Loralee Barfield",95,488,384
571,"Dendrocygna viduata",756,"Wandis Dugald",260,196,979
572,"Pseudoleistes virescens",825,"Gayelord Milton",229,18,554
573,"Drymarchon corias couperi",317,"Daniele Bosenworth",476,96,173
574,"Paradoxurus hermaphroditus",200,"Wallis Delacourt",399,129,476
575,"Semnopithecus entellus",463,"Marylee Dytham",147,285,537
576,"Nasua nasua",611,"Tyson Roscamp",295,269,440
577,"Physignathus cocincinus",637,"Gloriana Tilzey",233,303,295
578,"Egretta thula",467,"Umeko Hugk",241,241,853
579,"Lepus townsendii",776,"Gloriane Skerman",478,342,637
580,"Phylurus milli",892,"Kendell Lundy",490,491,89
581,"Alligator mississippiensis",703,"Leontyne Durie",70,254,670
582,"Prionace glauca",855,"Archibald Bullman",82,251,734
583,"Streptopelia senegalensis",286,"Agnesse McAirt",302,49,753
584,"Tockus erythrorhyncus",874,"Anne-corinne Hardstaff",290,17,433
585,"Trachyphonus vaillantii",390,"Carena Hasley",417,488,556
586,"Diomedea irrorata",558,"Cecily Heasley",423,226,982
587,"Carduelis pinus",365,"Kimble Burleigh",173,298,55
588,"Conolophus subcristatus",775,"Dacy Joffe",424,450,797
589,"Psophia viridis",227,"Cy Peacher",203,211,968
590,"Larus dominicanus",773,"Claire Bellini",424,368,515
591,"Oxybelis sp.",998,"Eveline Bilovsky",317,108,255
592,"Felis silvestris lybica",390,"Elga Bulleyn",310,286,966
593,"Acrobates pygmaeus",758,"Joseito Kealy",343,273,461
594,"Gyps bengalensis",736,"Jilly Prate",357,251,551
595,"Sarkidornis melanotos",207,"Chris Noyce",96,3,656
596,"Coluber constrictor",695,"Blane Tees",242,316,22
597,"Aonyx cinerea",837,"Chris Broadbere",112,89,620
598,"Pycnonotus nigricans",365,"Jacklyn Wingatt",321,310,822
599,"Meleagris gallopavo",980,"Normy Noah",466,325,657
600,"Eolophus roseicapillus",299,"Sapphire Arrol",18,386,422
601,"Manouria emys",876,"Osmund Berrisford",235,494,742
602,"Melophus lathami",517,"Lissi Kynoch",16,171,245
603,"Colaptes campestroides",673,"Giustina Bernardes",300,238,697
604,"Pelecanus occidentalis",472,"Page Salvidge",272,314,16
605,"Mirounga leonina",510,"Nessa Reicherz",397,30,119
606,"Marmota monax",836,"Maggy Withull",331,21,728
607,"Sylvilagus floridanus",563,"Cacilie Luetkemeyers",464,181,849
608,"Lutra canadensis",620,"Rozanne Childerhouse",157,266,494
609,"Felis concolor",464,"Alexandros Keasey",98,493,566
610,"Francolinus leucoscepus",679,"Oralle Dollard",312,48,419
611,"Semnopithecus entellus",705,"Caren Petrina",175,391,13
612,"Hystrix cristata",571,"Jemmie Jentle",27,146,213
613,"Dicrostonyx groenlandicus",655,"Jaymee Gristwood",461,29,39
614,"Paraxerus cepapi",398,"Willy Arger",372,281,316
615,"Phoenicopterus ruber",341,"Tybi Halifax",247,99,564
616,"Marmota flaviventris",388,"Marve Whetnall",47,408,776
617,"Zalophus californicus",772,"Romola Clowser",47,485,693
618,"Sus scrofa",862,"Vassili Croshaw",248,483,511
619,"Diomedea irrorata",990,"Katrine Raynard",324,30,870
620,"Acrobates pygmaeus",327,"Ozzie Rudolfer",214,5,742
621,"Kobus leche robertsi",918,"Jacky Stancliffe",418,89,757
622,"Pseudocheirus peregrinus",764,"Selie Giacopelo",53,363,52
623,"Larus dominicanus",782,"Cirilo Yerrall",77,406,319
624,"Castor canadensis",458,"Shanie Greenhough",456,190,864
625,"Genetta genetta",650,"Keith Gulvin",356,10,755
626,"Tursiops truncatus",747,"Timmie Antonucci",321,315,910
627,"Ara ararauna",266,"Ardene Grundwater",254,441,871
628,"Trichosurus vulpecula",810,"Casper Brazur",43,141,427
629,"Oryx gazella",316,"Cassaundra Pentelo",437,330,274
630,"Sarkidornis melanotos",239,"Hester Viccars",83,96,87
631,"Alopochen aegyptiacus",515,"Bogart Heistermann",262,438,52
632,"Laniaurius atrococcineus",219,"Hillel Champagne",186,320,183
633,"Equus burchelli",660,"Em Lynock",153,98,395
634,"Mirounga leonina",890,"Kaylil Wrey",257,484,709
635,"Ardea golieth",667,"Yuma Pundy",247,84,813
636,"Anser anser",570,"Jeffie Heminsley",372,294,741
637,"Papio ursinus",979,"Reiko Van Merwe",151,215,5
638,"Speothos vanaticus",431,"Cynde Clineck",53,500,258
639,"Hippotragus niger",803,"Renata Headrick",481,333,20
640,"Diomedea irrorata",557,"Gypsy Elderton",67,217,957
641,"Cereopsis novaehollandiae",589,"Amalea Petschelt",483,162,58
642,"Ammospermophilus nelsoni",671,"Duane De la Yglesia",22,254,729
643,"Phalacrocorax niger",696,"Joyous Merrall",30,174,916
644,"Falco mexicanus",585,"Allx Scanes",477,181,638
645,"Spermophilus parryii",406,"Devan Smullin",73,390,174
646,"Uraeginthus bengalus",526,"Edita Labon",498,345,125
647,"Naja nivea",786,"Guinevere Blackborough",473,103,524
648,"Toxostoma curvirostre",933,"Halsey Uttridge",491,3,991
649,"Panthera leo",911,"Kimble Collingham",138,418,807
650,"Ctenophorus ornatus",698,"Pattin Stokoe",219,410,68
651,"Ara ararauna",273,"Shandie Guillart",417,145,495
652,"Aegypius tracheliotus",652,"Lissi Sammonds",482,328,246
653,"Dasyurus maculatus",526,"Philippine Tatersale",366,86,273
654,"Spermophilus richardsonii",938,"Augie Gonnet",303,383,864
655,"Bassariscus astutus",651,"Sven Surpliss",13,36,750
656,"Bos taurus",460,"Glennie Tabb",18,296,737
657,"Graspus graspus",947,"Roderigo Jurgenson",66,19,636
658,"Castor fiber",577,"Cristabel O'Mahoney",396,264,295
659,"Ara chloroptera",919,"William Antonomolii",221,165,371
660,"Seiurus aurocapillus",492,"Clo Galletly",156,394,645
661,"Taxidea taxus",961,"Brnaba Tingly",375,162,584
662,"Tetracerus quadricornis",478,"Binnie Sanders",226,55,601
663,"Morelia spilotes variegata",479,"Quincy Potkins",214,414,510
664,"Climacteris melanura",530,"Corene Bassill",164,201,445
665,"Cordylus giganteus",336,"Clo Mander",51,227,332
666,"Uraeginthus granatina",727,"Guthrey Privost",325,44,542
667,"Varanus sp.",363,"Cammy Ilyin",75,412,416
668,"Gymnorhina tibicen",809,"Ron Haffenden",231,136,374
669,"Choriotis kori",414,"Arleta Stannas",269,45,313
670,"Mellivora capensis",846,"Ryon Pina",201,352,423
671,"Pelecans onocratalus",495,"Lorne Teaz",217,220,741
672,"Lamprotornis superbus",774,"Ursulina Dye",159,213,160
673,"Canis lupus baileyi",679,"Graham Potkins",248,112,807
674,"Libellula quadrimaculata",707,"Dominick Able",165,120,921
675,"Gabianus pacificus",588,"Alena Kuhle",47,497,307
676,"Genetta genetta",373,"Jo Stathers",47,299,576
677,"Spermophilus parryii",220,"Weylin Lucey",271,253,222
678,"Odocoileus hemionus",357,"Bobbie Yerborn",372,352,900
679,"Kobus defassa",993,"Gisele Eeles",59,372,278
680,"Morelia spilotes variegata",323,"Fred Guilliatt",493,402,404
681,"Trichoglossus haematodus moluccanus",389,"Clerc Local",115,350,246
682,"Ovibos moschatus",723,"Mathian Bulbeck",438,168,45
683,"Alectura lathami",381,"Gauthier Ottee",58,359,32
684,"Phalacrocorax albiventer",423,"Shauna Allington",382,130,134
685,"Balearica pavonina",428,"Lydie Haacker",251,144,785
686,"Myiarchus tuberculifer",901,"Jackie Flescher",273,328,455
687,"Buteo galapagoensis",967,"Pavlov Bonwick",237,303,281
688,"Sylvilagus floridanus",933,"Ricca MacArthur",358,295,527
689,"Paraxerus cepapi",703,"Tine Clapshaw",127,266,458
690,"Francolinus swainsonii",364,"Sandi Rudyard",8,257,842
691,"Ploceus intermedius",258,"Patricia Hundley",276,352,294
692,"Lepus arcticus",978,"Lucinda Lavens",102,89,314
693,"Spermophilus richardsonii",280,"Mattie Stichall",30,150,784
694,unavailable,487,"Prue Johansen",394,247,598
695,"Panthera pardus",602,"Estele Sowood",369,304,1000
696,unavailable,983,"Zacharias Fancy",125,365,96
697,"Haliaetus vocifer",547,"Claudine Arnald",277,168,99
698,"Cacatua tenuirostris",311,"Garvin Cestard",173,180,879
699,"Limnocorax flavirostra",550,"Dylan Pachta",36,35,22
700,"Martes americana",463,"Brooke Jankovic",142,373,814
701,"Salvadora hexalepis",607,"Talyah Entwhistle",36,273,623
702,"Cochlearius cochlearius",340,"Piggy Doak",338,457,527
703,"Morelia spilotes variegata",211,"Clerissa Stouther",413,81,901
704,"Trichosurus vulpecula",838,"Pepito Andreasen",160,231,347
705,"Naja haje",752,"Johannah Hewlings",70,334,232
706,"Paraxerus cepapi",493,"Brewster Fairholme",1,174,483
707,"Acanthaster planci",975,"Hyacinth Fust",468,483,948
708,"Tamiasciurus hudsonicus",303,"Francklyn Dunnet",123,291,798
709,"Procyon lotor",209,"Lorianne Gladeche",145,401,537
710,"Phalaropus fulicarius",253,"Rosie Symons",100,171,554
711,"Zonotrichia capensis",763,"Frankie McCanny",209,358,70
712,"Plocepasser mahali",485,"Dory McLinden",299,108,535
713,"Fregata magnificans",256,"Bo Harrad",5,134,851
714,"Hippotragus niger",539,"Kristan MacKall",262,265,209
715,"Mycteria leucocephala",464,"Briano Binny",221,379,598
716,"Papio cynocephalus",691,"Mindy Posten",316,438,196
717,"Spizaetus coronatus",879,"Cynthy Luberti",77,257,328
718,"Acrantophis madagascariensis",658,"Malinde Antusch",418,37,244
719,"Antidorcas marsupialis",921,"Sanders Huffer",254,401,637
720,"Gekko gecko",858,"Andres Cockin",430,349,563
721,"Galictis vittata",902,"Elbertine Durrad",340,170,225
722,"Ninox superciliaris",609,"Harp Benion",419,291,366
723,"Notechis semmiannulatus",992,"Stella Loach",138,375,264
724,"Naja haje",592,"Reidar Jewar",251,52,130
725,"Acrantophis madagascariensis",464,"Ev Cobley",226,74,141
726,"Acrobates pygmaeus",265,"Jessy Cogdon",140,80,515
727,"Varanus salvator",517,"Maris Comini",292,307,279
728,"Graspus graspus",408,"Darya Winspare",19,10,82
729,"Pteropus rufus",831,"Maribeth Tonks",348,186,924
730,"Chlamydosaurus kingii",441,"Eolanda Reece",452,113,943
731,"Dusicyon thous",351,"Lorrie Pues",72,452,935
732,"Suricata suricatta",351,"Byram Canada",359,219,285
733,"Passer domesticus",841,"Nat Freear",449,497,684
734,"Loris tardigratus",225,"Zared Le Frank",70,417,535
735,"Tamiasciurus hudsonicus",745,"Flossie Peskett",365,76,19
736,"Dacelo novaeguineae",490,"Noreen O'Cassidy",148,405,43
737,"Buteo regalis",222,"Granger Tildesley",32,47,750
738,"Erethizon dorsatum",544,"Dacey Raleston",352,247,125
739,"Phascogale tapoatafa",980,"Jodee Fawbert",256,146,783
740,"Camelus dromedarius",210,"Aili Aggis",340,374,197
741,"Morelia spilotes variegata",370,"Alethea Andrewartha",326,428,507
742,"Myotis lucifugus",742,"Frederique MacKim",2,472,295
743,"Lorythaixoides concolor",483,"Redford Farloe",58,492,211
744,"Aegypius tracheliotus",250,"Rosamund Kingsnode",15,453,192
745,"Hyaena hyaena",968,"Hastings Vannucci",338,447,84
746,"Centrocercus urophasianus",377,"Arlyne Bulger",474,180,199
747,"Pycnonotus nigricans",939,"Donal Pietruszka",205,420,266
748,"Lepilemur rufescens",234,"Merl Vondrys",99,259,149
749,"Gopherus agassizii",803,"Jessy Seiffert",314,482,192
750,"Pelecans onocratalus",548,"Cordelie Tixier",248,402,512
751,"Cereopsis novaehollandiae",998,"Revkah Spiaggia",65,252,978
752,"Tyto novaehollandiae",774,"Belvia Couzens",159,277,283
753,"Conolophus subcristatus",574,"Francesca Kinnier",44,313,379
754,"Limosa haemastica",228,"Doy Kimbley",236,241,439
755,"Psittacula krameri",400,"Rowan Goldstone",403,447,920
756,"Eolophus roseicapillus",924,"Delila Halson",12,489,907
757,"Centrocercus urophasianus",915,"Geri O'Caine",237,396,740
758,"Snycerus caffer",916,"Abbot Wavish",329,242,76
759,"Lepus townsendii",810,"Rutter Kienl",239,351,236
760,"Halcyon smyrnesis",931,"Hasheem Grinov",248,391,855
761,"Corvus albicollis",332,"Perren Fleetwood",201,255,390
762,"Varanus albigularis",972,"Ashli Mose",445,266,645
763,"Alcelaphus buselaphus cokii",772,"Sol Van Son",455,205,329
764,unavailable,662,"Elladine Climo",439,279,187
765,"Cervus canadensis",489,"Bert Ledingham",442,409,640
766,"Ovis canadensis",432,"Stanton Ginnell",396,98,540
767,"Phasianus colchicus",211,"Yank Cobbledick",35,369,710
768,"Laniaurius atrococcineus",828,"Joyous Duddan",238,139,862
769,"Spilogale gracilis",358,"Talia Shipman",398,24,381
770,"Callipepla gambelii",978,"Antony de Quesne",39,238,534
771,"Colaptes campestroides",607,"Read Buckenhill",390,90,661
772,"Boselaphus tragocamelus",604,"Vinnie Luis",82,402,499
773,"Psophia viridis",964,"Niall Rudolph",398,334,567
774,"Sitta canadensis",873,"Corrianne Bilverstone",116,245,771
775,"Anthropoides paradisea",340,"Randy Durman",34,382,985
776,"Lepus arcticus",689,"Sofia Struther",150,22,821
777,"Fratercula corniculata",561,"Butch Lambol",493,194,174
778,"Toxostoma curvirostre",397,"Nefen Becarra",129,43,33
779,"Ceratotherium simum",902,"Meryl Waud",384,153,449
780,"Erinaceus frontalis",731,"Giles Cleverly",325,212,89
781,"Aonyx capensis",454,"Issiah Rosenbarg",172,92,124
782,"Marmota monax",512,"Raffarty Borthram",108,257,342
783,"Limosa haemastica",525,"Bertha Gorwood",47,59,225
784,"Thalasseus maximus",608,"Mignonne Paddington",465,497,829
785,"Hystrix cristata",389,"Renell Joseland",75,346,246
786,"Charadrius tricollaris",600,"Peyter Beckley",441,5,973
787,"Ninox superciliaris",909,"Moises Lownes",465,390,525
788,"Larus fuliginosus",580,"Brandise Matityahu",177,199,105
789,"Plocepasser mahali",830,"Katlin Rafe",31,231,735
790,"Oreamnos americanus",920,"Toma Dike",478,3,998
791,"Gyps bengalensis",965,"Manon Carver",8,326,780
792,"Phoeniconaias minor",586,"Dniren Peeke",186,386,367
793,"Platalea leucordia",823,"Gale Mallord",135,205,946
794,"Eutamias minimus",865,"Jaquenetta Boig",4,341,125
795,"Anhinga rufa",255,"Sherlock Dobbs",129,234,200
796,"Bassariscus astutus",903,"Norton Boulstridge",492,212,201
797,"Erinaceus frontalis",362,"Rudd Woolrich",56,368,84
798,"Xerus sp.",779,"Dru Coard",365,96,114
799,"Lemur catta",974,"Costanza Dyett",368,230,88
800,"Bradypus tridactylus",659,"Arman Coldrick",386,260,745
801,"Agelaius phoeniceus",269,"Lauren Schoular",138,338,502
802,"Epicrates cenchria maurus",932,"Colet Mithon",480,381,217
803,"Trachyphonus vaillantii",643,"Daniel Perch",313,92,22
804,"Gyps bengalensis",782,"Lou Epilet",164,440,145
805,"Lutra canadensis",616,"Angela Form",114,465,789
806,"Philetairus socius",520,"Griff Roistone",368,73,902
807,"Plocepasser mahali",457,"Pietrek Rasmus",149,358,76
808,"Corvus albicollis",639,"Letta Hanson",313,385,688
809,"Sarcophilus harrisii",306,"Charlotta Ramos",88,341,663
810,"Dasyurus maculatus",570,"Bary Birckmann",481,177,897
811,"Butorides striatus",960,"Euell Chalkly",12,304,993
812,"Equus burchelli",418,"Pembroke Somerlie",486,84,132
813,"Canis mesomelas",213,"Aggy Stanworth",261,185,503
814,"Stercorarius longicausus",317,"Hildegaard Ottosen",406,339,44
815,unavailable,732,"Lynna Calltone",284,102,368
816,"Lamprotornis chalybaeus",464,"Ingrid Thow",116,17,374
817,"Cebus apella",403,"Lian Anfonsi",339,415,791
818,"Columba palumbus",997,"Sax Charlesworth",479,133,121
819,"Dendrocitta vagabunda",866,"Pearce Pifford",353,86,444
820,"Anser anser",949,"Germayne Pischof",491,307,522
821,"Mabuya spilogaster",423,"Roze MacAnulty",126,15,166
822,"Ramphastos tucanus",708,"Cordelie O'Currane",312,349,373
823,"Phalacrocorax albiventer",585,"Sydelle Wavell",372,362,308
824,"Meleagris gallopavo",740,"Kerby Fawlks",216,34,538
825,"Phoeniconaias minor",835,"Cecilio Edmonston",229,392,824
826,"Vombatus ursinus",555,"Marinna Dovinson",103,396,541
827,"Mirounga leonina",272,"Creigh Biggans",290,459,250
828,"Nannopterum harrisi",519,"Hailee Wrassell",278,24,901
829,"Loxodonta africana",914,"Ellery Rippingale",371,491,952
830,"Climacteris melanura",276,"Lynea Heimann",114,339,872
831,"Gyps bengalensis",458,"Goddard Blade",491,211,619
832,"Pycnonotus nigricans",491,"Breanne Norrington",228,329,634
833,"Phalaropus fulicarius",328,"Binky Grigorkin",429,260,320
834,"Zalophus californicus",386,"Yorgos Chittock",427,239,278
835,"Pelecans onocratalus",573,"Teri Emmanuele",462,168,420
836,"Thamnolaea cinnmomeiventris",275,"Vergil Retallick",241,334,642
837,"Phalacrocorax carbo",793,"Marinna Reckhouse",193,435,113
838,"Cordylus giganteus",836,"Hyacintha Bareford",46,218,854
839,"Ara chloroptera",511,"Rachele Goodhall",239,217,435
840,"Crotaphytus collaris",364,"Angel Danelut",484,252,612
841,"Ephippiorhynchus mycteria",993,"Stanford Pariso",132,378,134
842,"Corvus albicollis",503,"Nolie Gerger",406,365,260
843,"Ramphastos tucanus",827,"Haleigh Sturdey",354,388,222
844,unavailable,422,"Rogerio Ault",413,115,624
845,"Acrantophis madagascariensis",592,"Lizabeth Schenfisch",32,16,718
846,"Cervus duvauceli",359,"Ayn Allsopp",411,489,676
847,"Tiliqua scincoides",990,"Madison Byres",131,186,932
848,"Cereopsis novaehollandiae",671,"Fidole Reuss",360,238,65
849,"Limnocorax flavirostra",661,"Olympe Philippault",365,188,601
850,"Struthio camelus",835,"Darbee Rodgerson",322,2,733
851,unavailable,524,"Gertrudis McMurtyr",206,36,558
852,"Pseudocheirus peregrinus",876,"Kimberli Dreakin",271,238,950
853,"Macaca mulatta",786,"Genovera Fermin",373,79,528
854,"Lutra canadensis",304,"Eleonora Scantlebury",197,2,384
855,"Cyrtodactylus louisiadensis",332,"Doralia Mowsdell",241,79,836
856,"Haematopus ater",885,"Maire Lapsley",261,465,774
857,"Dendrocitta vagabunda",686,"Leighton Leasor",426,296,492
858,"Balearica pavonina",797,"Tobiah Silkstone",93,280,830
859,"Trichoglossus haematodus moluccanus",733,"Thedrick Noraway",27,399,481
860,"Paraxerus cepapi",379,"Donavon Dorkins",494,91,705
861,"Ctenophorus ornatus",343,"Almire Presland",402,432,408
862,"Phalacrocorax carbo",384,"Granville Wren",415,379,132
863,"Seiurus aurocapillus",974,"Ellissa Persehouse",272,128,230
864,"Sylvilagus floridanus",499,"Channa Blaxter",174,309,983
865,"Marmota flaviventris",865,"Diane Hexam",113,135,556
866,"Pavo cristatus",975,"Rozella Lavalde",134,194,524
867,"Ephipplorhynchus senegalensis",792,"Maison Hamm",262,219,756
868,"Vulpes vulpes",565,"Genny Houchen",58,295,727
869,"Zonotrichia capensis",301,"Nickola Bamblett",369,334,927
870,"Sagittarius serpentarius",825,"Boigie Locker",469,100,439
871,"Diomedea irrorata",852,"Catina Guillet",500,467,430
872,"Threskionis aethiopicus",712,"Florance Maudson",38,237,120
873,"Propithecus verreauxi",559,"Nicola Echlin",159,75,306
874,"Creagrus furcatus",813,"Nickie Shoulder",454,418,932
875,"Irania gutteralis",304,"Zebulen Gyford",410,267,59
876,"Neotis denhami",584,"Jaquenette Dalrymple",4,401,845
877,"Plectopterus gambensis",852,"Cherri Westhoff",365,416,987
878,"Deroptyus accipitrinus",982,"Minette Membry",253,367,679
879,"Limnocorax flavirostra",455,"Delmar Elstub",125,102,871
880,"Tadorna tadorna",865,"Berenice Kynvin",440,132,72
881,"Equus burchelli",295,"Vilma Ings",12,187,762
882,"Sarcophilus harrisii",606,"Rory Earp",90,439,840
883,"Grus canadensis",552,"Petr Stronough",300,271,253
884,"Haematopus ater",372,"Tobiah Twinberrow",182,377,875
885,"Ovis canadensis",464,"Alessandro Grayland",463,436,811
886,"Grus rubicundus",355,"Anabelle Andrioli",93,497,402
887,"Mirounga leonina",370,"Colline Windrus",246,201,319
888,"Capreolus capreolus",867,"Florentia Bromhead",398,175,558
889,"Larus novaehollandiae",823,"Swen Peperell",374,18,127
890,"Lophoaetus occipitalis",404,"Kerry Manass",325,168,703
891,"Falco peregrinus",316,"Xenia Petrillo",292,415,760
892,"Isoodon obesulus",523,"Agustin Ohrtmann",2,184,306
893,"Castor canadensis",488,"Dedie Harden",279,391,407
894,"Psophia viridis",897,"Ephraim Gary",44,89,167
895,"Merops nubicus",486,"Dixie Salerno",106,44,860
896,"Oncorhynchus nerka",791,"Hyatt McLemon",29,477,956
897,"Numida meleagris",838,"Gladys Torrijos",346,84,731
898,"Larus sp.",224,"Leann Bydaway",35,240,949
899,"Macropus rufogriseus",240,"Kelwin Pentlow",186,87,613
900,"Ardea cinerea",677,"Philomena Meardon",85,324,241
901,"Tyto novaehollandiae",513,"Cesaro Simonyi",334,89,688
902,"Vulpes chama",819,"Russ Ambrosch",185,125,376
903,"Coluber constrictor",631,"Tiffany Bowerman",436,221,961
904,"Dasyurus viverrinus",970,"Ronalda Habbes",94,442,870
905,unavailable,432,"Sibilla Gullick",359,79,132
906,"Streptopelia senegalensis",864,"Julienne Woltering",35,147,218
907,"Zosterops pallidus",960,"Dayna Stronach",480,250,169
908,"Butorides striatus",985,"Ilise Corbishley",269,486,865
909,"Taurotagus oryx",606,"Nert Longman",235,212,777
910,"Trichosurus vulpecula",759,"Nevin Dutchburn",160,119,266
911,"Macropus agilis",872,"Gene Robbey",349,261,174
912,"Paradoxurus hermaphroditus",362,"Michal Apedaile",308,495,121
913,"Acridotheres tristis",663,"Kean Lyness",201,43,367
914,"Tockus erythrorhyncus",377,"Windy Teggart",200,97,34
915,"Ploceus rubiginosus",796,"Dania Acland",410,320,1
916,"Gazella granti",334,"Isis Arondel",269,147,784
917,"Psophia viridis",416,"Elie Isacsson",112,147,210
918,"Gekko gecko",928,"Thomasine Cholmondeley",483,500,325
919,"Paradoxurus hermaphroditus",416,"Matelda Yitzhok",306,61,282
920,"Cervus elaphus",993,"Ardyce LAbbet",65,379,895
921,"Sauromalus obesus",875,"Juditha Leimster",281,447,294
922,"Mycteria leucocephala",663,"Vince Mangham",198,498,60
923,"Dasyprocta leporina",306,"Rhody Crafter",390,249,514
924,"Myrmecobius fasciatus",242,"Adelice Lubman",22,350,664
925,"Libellula quadrimaculata",844,"Franklyn Felix",293,488,710
926,"Chauna torquata",775,"Ebenezer Mourbey",85,256,997
927,"Zonotrichia capensis",391,"Dona Hixley",217,122,908
928,"Microcebus murinus",777,"Marline Mintrim",301,1,150
929,"Mazama gouazoubira",643,"Glenda Blonden",451,300,629
930,"Physignathus cocincinus",688,"Ardenia Varcoe",223,156,744
931,"Tenrec ecaudatus",633,"Nestor Bover",391,332,365
932,"Dipodomys deserti",590,"Oralee Lippini",30,498,625
933,"Sula nebouxii",582,"Davie Crumley",211,30,25
934,"Macropus rufus",701,"Karlene MacNeilley",173,172,488
935,"Phasianus colchicus",578,"Sawyere Demchen",146,262,121
936,"Thamnolaea cinnmomeiventris",284,"Maiga Daal",130,57,579
937,"Bubo virginianus",879,"Pam Allom",209,476,693
938,"Varanus salvator",632,"Robbi Ordelt",221,170,932
939,"Ourebia ourebi",655,"Starr Eschalette",308,145,343
940,"Ateles paniscus",695,"Kathie MacClancey",396,149,712
941,"Megaderma spasma",379,"Ceil Aspenlon",120,73,898
942,"Corallus hortulanus cooki",606,"Elihu Ginner",188,173,639
943,"Amblyrhynchus cristatus",498,"Davin Penelli",37,388,17
944,"Castor canadensis",934,"Dix Wodham",32,119,844
945,"Cervus duvauceli",876,"Gigi Trudgian",286,41,519
946,"Capra ibex",366,"Dennis Dussy",146,388,519
947,"Nyctea scandiaca",366,"Chelsie Davet",228,387,618
948,"Hystrix cristata",914,"Ely Woodfin",487,293,847
949,"Coracias caudata",388,"Piotr Adamec",370,397,556
950,"Acrobates pygmaeus",566,"Pepi Garrish",306,386,236
951,"Crocuta crocuta",247,"Nial Hopfner",106,100,794
952,"Tachyglossus aculeatus",807,"Yurik Polglase",296,303,596
953,"Cordylus giganteus",548,"Clevey Sprason",81,150,430
954,"Delphinus delphis",218,"Calli Farncomb",313,270,753
955,"Sula dactylatra",720,"Hunfredo Klambt",115,285,331
956,"Ursus americanus",348,"Catlin Harkess",235,348,972
957,"Macropus fuliginosus",291,"Corinne Tappin",366,267,170
958,"Tamandua tetradactyla",932,"Lauryn Ledgister",298,394,517
959,"Crocodylus niloticus",920,"Lishe Killshaw",66,399,66
960,"Otaria flavescens",683,"Dunstan Gerwood",423,202,561
961,"Cebus albifrons",664,"Hank Andryunin",188,223,583
962,"Phaethon aethereus",829,"Gus Creffeild",419,155,250
963,"Morelia spilotes variegata",709,"Boot Alfonzo",4,433,984
964,"Cochlearius cochlearius",440,"Vanna Mocker",425,414,493
965,"Gerbillus sp.",786,"Cullie Lossman",451,292,754
966,"Anthropoides paradisea",931,"Marcelle Lucio",164,247,577
967,"Perameles nasuta",543,"Sunshine Axell",387,48,923
968,"Lepus arcticus",370,"Ozzy Tilte",474,75,313
969,"Ceratotherium simum",754,"Martha Bernard",112,175,817
970,"Isoodon obesulus",529,"Pepito Diemer",374,361,48
971,"Tiliqua scincoides",455,"Cristian Sheldrick",85,437,451
972,"Eolophus roseicapillus",848,"Tracy Murdy",497,294,857
973,"Isoodon obesulus",850,"Augustine Bras",21,94,291
974,"Anathana ellioti",518,"Crista Lavigne",391,91,41
975,"Corvus albus",352,"Babette Balazs",26,203,995
976,"Boa constrictor mexicana",469,"Florence Gell",468,365,943
977,"Speothos vanaticus",606,"Humfrid Calyton",390,322,958
978,unavailable,602,"Helyn Stenson",37,372,181
979,"Gyps bengalensis",969,"Vinson Willatt",206,132,305
980,"Tockus flavirostris",301,"Susette Eustace",121,3,418
981,"Ara macao",783,"Paulina Titley",343,302,62
982,"Bucorvus leadbeateri",848,"Jan Ropert",24,69,936
983,"Odocoileus hemionus",808,"Ric Baraja",403,208,294
984,"Anthropoides paradisea",637,"Nicol Mathwen",36,441,706
985,"Meleagris gallopavo",969,"Mabel Clemmitt",425,427,486
986,"Milvago chimachima",214,"Edythe Farmiloe",424,180,271
987,unavailable,881,"Ange Rothschild",30,283,801
988,"Kobus leche robertsi",961,"Hedi Trinke",292,14,93
989,"Cervus canadensis",746,"Leelah Milnes",13,312,135
990,"Eudyptula minor",223,"Sella Willavize",497,114,480
991,"Cervus elaphus",976,"Alphonse Pickle",457,149,422
992,"Streptopelia senegalensis",592,"Audie Bretelle",109,433,848
993,"Boselaphus tragocamelus",245,"Sterne O'Fallone",41,365,380
994,"Spermophilus armatus",294,"Karel Daulton",426,221,204
995,"Lorythaixoides concolor",357,"Hillier Crilley",243,170,245
996,"Phaethon aethereus",274,"Halsy Tomaszczyk",309,301,369
997,"Eudyptula minor",590,"Alain Suermeiers",155,359,28
998,"Bucorvus leadbeateri",218,"Vick Cowden",162,180,288
999,"Equus burchelli",745,"Hammad Hindmoor",247,433,523
1000,"Aquila chrysaetos",214,"Lexis Dowse",255,21,959
1001,"Macropus agilis",822,"Julianna Sellens",473,21,919
1002,"Corvus brachyrhynchos",588,"Alain Mitford",176,185,861
1003,"Bucorvus leadbeateri",512,"Shelby Chatwin",342,178,155
1004,"Hymenolaimus malacorhynchus",650,"Jordan Anthonsen",408,79,135
1005,"Bucephala clangula",332,"Iseabal Pirolini",480,363,280
1006,"Centrocercus urophasianus",251,"Vevay Lakin",260,161,640
1007,"Felis caracal",778,"Agathe Jefferson",346,481,683
1008,"Terathopius ecaudatus",818,"Wilt Artindale",493,429,401
1009,"Cordylus giganteus",314,"Wandie Lesmonde",295,153,536
1010,"Coendou prehensilis",275,"Kylie Sargent",360,100,966
1011,"Milvus migrans",210,"Kris Rowlatt",137,298,253
1012,"Thamnolaea cinnmomeiventris",476,"Allayne Tweddle",392,226,82
1013,"Cereopsis novaehollandiae",242,"Cordi Glasbey",411,153,797
1014,"Eolophus roseicapillus",495,"Delilah Worling",230,319,880
1015,"Neophoca cinerea",286,"Emmott Kikke",130,150,873
1016,"Choriotis kori",847,"Lannie Kochlin",160,494,279
1017,"Rhea americana",412,"Rivkah Paroni",487,105,796
1018,"Pan troglodytes",226,"Nanni Blaske",163,231,337
1019,"Pycnonotus nigricans",953,"Elliott Goodlip",445,289,597
1020,"Macropus rufus",393,"Em Maskall",112,106,771
1021,"Bubo sp.",351,"Pauline Stiven",334,352,42
1022,"Vanellus sp.",737,"Nicol Mohun",176,253,840
1023,"Eolophus roseicapillus",307,"Vachel Blackett",177,83,657
1024,"Anas bahamensis",590,"Cthrine McKmurrie",381,279,272
1025,"Deroptyus accipitrinus",756,"Darcie Champkin",173,415,570
1026,"Bettongia penicillata",513,"Ethelred Iacovazzi",74,130,706
1027,"Macaca fuscata",773,"Tabbitha Kinworthy",290,206,789
1028,"Ceratotherium simum",690,"Eduino Vayro",498,248,42
1029,"Anas punctata",764,"Sileas Massei",7,363,529
1030,"Bugeranus caruncalatus",383,"Cary Pittam",57,52,309
1031,"Boa caninus",860,"Waldon Kindleside",177,191,516
1032,"Chelodina longicollis",936,"Roz Dorrance",447,486,42
1033,"Cacatua tenuirostris",821,"Mick Farmar",9,384,788
1034,"Cochlearius cochlearius",269,"Amata Ellissen",158,478,932
1035,"Lepilemur rufescens",380,"Hendrika Dayce",268,353,286
1036,"Uraeginthus granatina",921,"Josy Percy",395,388,116
1037,"Macropus agilis",687,"Edlin Jills",32,318,630
1038,"Tadorna tadorna",574,"Cecilia Brunnen",429,386,817
1039,"Coendou prehensilis",675,"Brion Pollett",324,3,908
1040,"Varanus sp.",518,"Talbert Kirkbright",168,57,473
1041,"Phoenicopterus chilensis",859,"Vernor Gallaccio",435,376,30
1042,"Sus scrofa",837,"Clywd Owen",198,362,852
1043,"Cygnus buccinator",917,"Burke Patterfield",206,166,529
1044,"Limosa haemastica",506,"Dirk Bims",499,78,848
1045,"Agouti paca",413,"Willard Allmond",361,491,435
1046,"Callipepla gambelii",989,"Jarrod Bridal",93,82,370
1047,"Connochaetus taurinus",322,"Morrie Walczak",283,278,566
1048,"Rhea americana",928,"Giffy Semeradova",46,94,603
1049,"Dusicyon thous",848,"Brnaby Brafferton",292,470,840
1050,"Kobus defassa",697,"Ibby Corzon",173,459,760
1051,"Cynictis penicillata",980,"Mord Strand",134,298,610
1052,"Elephas maximus bengalensis",655,"Desmund Dollard",337,288,425
1053,"Scolopax minor",532,"Delilah Kitteringham",241,120,140
1054,"Propithecus verreauxi",288,"Corene Dovey",181,306,204
1055,"Ramphastos tucanus",520,"Livia Deshorts",241,57,91
1056,"Anas bahamensis",920,"Pru Scotchforth",146,165,55
1057,"Bubalus arnee",737,"Enrique Friday",226,267,977
1058,"Cynomys ludovicianus",211,"Ephraim Hemerijk",59,451,459
1059,"Crocuta crocuta",956,"Leighton Zorn",150,76,977
1060,"Melanerpes erythrocephalus",948,"Mile Itscowics",2,417,272
1061,"Capra ibex",408,"Rikki Wibrew",29,118,401
1062,"Merops sp.",209,"Jase Adnett",315,441,485
1063,"Bubo sp.",601,"Kris Darke",57,5,431
1064,"Ursus americanus",356,"Lotti Ewbach",420,169,654
1065,"Panthera pardus",878,"Holli Humpherson",324,241,477
1066,"Sylvicapra grimma",452,"Martino Garrick",116,428,844
1067,"Equus burchelli",876,"Geraldine Casement",478,385,776
1068,"Haematopus ater",464,"Wendell Gaymar",421,206,855
1069,"Phalacrocorax brasilianus",449,"Brant Grunnell",308,225,423
1070,"Acrobates pygmaeus",989,"Katharine O'Kynsillaghe",311,382,48
1071,"Geochelone elephantopus",694,"Dolley Jope",53,44,502
1072,"Centrocercus urophasianus",621,"Kynthia Self",126,73,586
1073,"Larus fuliginosus",302,"Merrili Pickrell",347,100,947
1074,"Chelodina longicollis",498,"Kelsy Weekland",62,138,42
1075,"Haliaeetus leucocephalus",517,"Claudian Ronchka",232,25,400
1076,"Amblyrhynchus cristatus",794,"Eli Chanter",86,157,907
1077,"Eolophus roseicapillus",249,"Colman Jammes",161,328,624
1078,"Milvago chimachima",386,"Shelba Kezourec",181,82,351
1079,"Spermophilus parryii",902,"Sarette Robichon",143,433,255
1080,unavailable,722,"Emlynn Dugald",208,101,999
1081,"Prionace glauca",907,"Roscoe Mathwin",103,341,185
1082,"Choloepus hoffmani",260,"Berne Rouchy",470,354,825
1083,"Spheniscus mendiculus",970,"Karena Monery",483,1,862
1084,"Certotrichas paena",528,"Inna Lister",374,132,729
1085,"Cracticus nigroagularis",210,"Gerianna Goforth",174,393,441
1086,"Laniaurius atrococcineus",278,"Anabella Liversage",448,270,535
1087,"Meles meles",538,"Stanfield Whitecross",264,169,356
1088,"Anthropoides paradisea",235,"Celia Jansie",118,161,60
1089,"Uraeginthus angolensis",263,"Albrecht Harget",8,263,847
1090,"Leptoptilus dubius",673,"Zak Beaney",35,415,468
1091,"Tragelaphus strepsiceros",899,"Mitchael Colisbe",174,71,58
1092,"Sciurus vulgaris",790,"Thorsten Duffy",86,420,47
1093,"Francolinus swainsonii",564,"Oralee Kersey",491,496,181
1094,"Phalacrocorax carbo",384,"Milty Dunbavin",20,313,227
1095,"Panthera onca",907,"Tamara Udy",23,124,362
1096,"Stercorarius longicausus",927,"Sondra Beckley",209,313,915
1097,"Psittacula krameri",746,"Robbi Pirozzi",35,129,916
1098,"Ictonyx striatus",948,"Fredrika Mecchi",201,254,504
1099,"Stercorarius longicausus",380,"Donall Bennison",100,480,703
1100,"Podargus strigoides",318,"Alika Finnimore",397,303,880
1101,"Equus burchelli",761,"Hans Meacher",374,221,726
1102,"Haliaetus leucogaster",365,"Dulcine Leaton",60,389,911
1103,unavailable,892,"Hulda Casterton",437,472,887
1104,"Larus dominicanus",765,"Brit Shellard",333,368,133
1105,"Pteronura brasiliensis",488,"Finley Trail",135,321,975
1106,"Chionis alba",525,"Fay Gearty",473,140,243
1107,"Tursiops truncatus",503,"Fawn Lilian",59,491,916
1108,"Uraeginthus angolensis",826,"Rubi Furniss",450,48,541
1109,"Aonyx capensis",207,"Travis Satterfitt",56,477,538
1110,"Mustela nigripes",351,"Maurene Casaccio",309,335,635
1111,"Eolophus roseicapillus",455,"Nanci Asel",181,294,167
1112,"Microcebus murinus",999,"Gaven Frise",343,329,515
1113,"Uraeginthus angolensis",561,"Casi Crosdill",226,188,200
1114,"Loris tardigratus",227,"Meyer Matfin",454,105,997
1115,"Semnopithecus entellus",470,"Kary Harbison",152,430,181
1116,"Vanellus armatus",317,"Emmie Kimblin",180,47,599
1117,"Buteo galapagoensis",579,"Lucien Leonards",411,444,597
1118,"Stercorarius longicausus",331,"Gerianne Camilli",360,430,622
1119,"Vulpes chama",258,"Caesar Oller",1,413,397
1120,"Cercatetus concinnus",339,"Xylina Carruthers",491,116,359
1121,"Dasypus septemcincus",910,"Sigismundo Hoffman",381,174,873
1122,"Neophoca cinerea",258,"Wolfie Quidenham",140,179,979
1123,"Terathopius ecaudatus",865,"Ganny Pinshon",65,184,43
1124,"Galago crassicaudataus",806,"Padriac Tirrell",179,321,349
1125,"Lamprotornis nitens",946,"Binnie Birtwistle",277,179,827
1126,"Pitangus sulphuratus",455,"Kristos Semor",331,291,751
1127,"Speothos vanaticus",241,"Lesley Isham",2,3,406
1128,"Ctenophorus ornatus",778,"Jeane Scoggans",400,249,854
1129,"Alligator mississippiensis",300,"Alisa Aves",180,283,602
1130,"Ephippiorhynchus mycteria",544,"Fanya Appleford",244,58,693
1132,"Psophia viridis",205,"Kelsey Campagne",461,121,492
1133,"Raphicerus campestris",765,"Kaela Colombier",12,191,439
1134,"Carduelis uropygialis",420,"Irena Heeley",297,124,752
1135,"Lutra canadensis",972,"Elwood MacFadzean",157,249,166
1136,"Sarcophilus harrisii",925,"Malinda Lorimer",12,183,197
1137,"Geococcyx californianus",688,"Kenna Ulyet",29,271,933
1138,"Merops sp.",784,"Frants Rabier",235,444,559
1139,"Francolinus leucoscepus",617,"Piotr Browncey",327,142,601
1140,"Haematopus ater",233,"Sly Feldheim",196,424,503
1141,"Columba palumbus",329,"Elmore Davidesco",91,253,248
1142,"Amphibolurus barbatus",773,"Haleigh Bloomer",340,250,564
1143,"Isoodon obesulus",695,"Linn Taynton",147,337,602
1144,"Morelia spilotes variegata",414,"Gunther Gobbet",417,44,289
1145,"Threskionis aethiopicus",246,"Jake Standingford",294,85,278
1146,"Semnopithecus entellus",322,"Alyss Margery",160,226,942
1147,"Ctenophorus ornatus",853,"Sally Lorkins",419,56,490
1148,"Mirounga angustirostris",846,"Coretta Terzo",174,461,863
1149,"Genetta genetta",406,"Miguel Feldmann",366,197,171
1150,"Bradypus tridactylus",320,"Fidelio Boness",29,490,197
1151,"Oreamnos americanus",315,"Bob Wolseley",247,464,359
1152,"Loxodonta africana",673,"Roseanna Nanuccioi",425,36,878
1153,"Loris tardigratus",932,"Loria Tother",427,307,776
1154,"Tachybaptus ruficollis",822,"Tammie Fillgate",478,415,306
1155,"Macropus giganteus",590,"Moore Seville",309,355,702
1156,"Larus fuliginosus",983,"Sissy Tsar",389,414,60
1157,"Spheniscus mendiculus",269,"Earle Darlasson",371,388,684
1158,"Phalacrocorax carbo",201,"Phyllys Shaul",341,137,861
1159,"Neotis denhami",437,"Burr Kerley",75,303,85
1160,"Eremophila alpestris",396,"Vin Dowse",16,49,137
1161,"Phalaropus lobatus",983,"Zaria Lermit",21,440,608
1162,"Aonyx capensis",260,"Adolpho Sterke",454,141,586
1163,"Nyctea scandiaca",549,"Adiana Orta",259,364,201
1164,"Oryx gazella callotis",954,"Jessa Fulcher",481,58,739
1165,"Cacatua tenuirostris",691,"Robin Konertz",443,154,848
1166,"Colobus guerza",982,"Edna Loines",82,299,583
1167,"Dendrocitta vagabunda",567,"Alys Licas",71,360,694
1168,"Rhabdomys pumilio",343,"Lay Mardling",104,167,510
1169,"Paradoxurus hermaphroditus",808,"Wynnie Housin",183,302,658
1170,"Laniaurius atrococcineus",284,"Ferrel MacGhee",195,201,810
1171,"Rhea americana",503,"Bartholomeus Lyes",259,260,945
1172,"Sceloporus magister",203,"Dareen Fishleigh",47,262,946
1173,"Cordylus giganteus",242,"Janaya Kiggel",53,369,956
1174,"Felis concolor",606,"Ruthanne Clowser",247,314,756
1175,"Vicugna vicugna",841,"Durant Gorse",380,98,128
1176,"Streptopelia senegalensis",212,"Chad Jandak",233,312,159
1177,"Psittacula krameri",437,"Helenka Maskrey",199,188,793
1178,"Macaca nemestrina",436,"Paul MacTrustrie",156,446,965
1179,"Centrocercus urophasianus",810,"Tracy Hull",11,424,731
1180,"Milvus migrans",881,"Connie Dartnell",255,146,461
1181,"Cynictis penicillata",829,"Carver Fleg",306,75,914
1182,"Acridotheres tristis",310,"Eli Skittles",480,262,409
1183,"Paradoxurus hermaphroditus",713,"Elden Duchesne",296,225,333
1184,"Axis axis",999,"Augustina Cressy",52,443,794
1185,"Phoenicopterus chilensis",430,"Devon Witcherley",330,424,778
1186,"Phascogale calura",718,"Buck Fonzo",265,315,402
1187,"Tadorna tadorna",926,"Sissie Poulton",50,89,370
1188,"Antilope cervicapra",470,"Brantley Drage",428,366,980
1189,"Corvus brachyrhynchos",645,"Theodosia Ferrier",364,447,510
1190,"Varanus albigularis",960,"Teodor Midford",155,54,671
1191,"Carphophis sp.",292,"Willow Boxer",10,18,876
1192,"Dipodomys deserti",484,"Jere Dericut",153,450,967
1193,"Morelia spilotes variegata",719,"Roda Dowrey",240,218,442
1194,"Larus dominicanus",972,"Sonja Gadson",262,40,907
1195,"Loris tardigratus",332,"Sergio Mandifield",217,479,547
1196,"Zosterops pallidus",270,"Arnaldo Shelvey",257,222,127
1197,"Boselaphus tragocamelus",736,"Miguel Meaker",83,176,827
1198,"Ictonyx striatus",217,"Heath Gledhill",363,417,507
1199,"Acridotheres tristis",451,"Gennie Keward",15,403,19
1200,"Melophus lathami",560,"Mellie Gashion",474,369,715
1201,"Lepus townsendii",363,"Dolores Broadstock",325,270,123
1202,"Iguana iguana",948,"Sampson Gheorghescu",499,171,461
1203,"Carduelis pinus",512,"Josephina Abramski",377,385,487
1204,"Bos taurus",246,"Issy Saltmarsh",440,296,625
1205,"Dasypus septemcincus",396,"Odey Gallico",160,154,77
1206,"Theropithecus gelada",441,"Ambrosi Jeskin",52,417,914
1207,"Phascogale calura",466,"Susannah Kubach",318,436,978
1208,unavailable,960,"Corey Freschi",184,348,771
1209,"Uraeginthus angolensis",309,"Bartholomeus Wortman",439,341,991
1210,"Mycteria ibis",900,"Aleen Jobb",170,345,320
1211,"Lepus arcticus",834,"Karole Bisatt",192,38,595
1212,"Melanerpes erythrocephalus",283,"Josefa Guitel",12,364,566
1213,"Crotalus triseriatus",615,"Shina Fradson",261,339,175
1214,"Tamandua tetradactyla",905,"Carlos Jowle",415,197,777
1215,"Bugeranus caruncalatus",779,"Leisha Josefowicz",31,9,338
1216,"Hymenolaimus malacorhynchus",836,"Sterne Verbrugge",202,219,121
1217,"Cyrtodactylus louisiadensis",967,"Cecilla Foot",178,274,678
1218,"Meleagris gallopavo",496,"Gratia Fordyce",384,234,484
1219,"Felis silvestris lybica",671,"Basilius Spellessy",188,417,140
1220,"Meles meles",788,"Ferdinanda Puddle",116,378,831
1221,"Manouria emys",278,"Kathryn Werrilow",214,262,213
1222,"Egretta thula",770,"Osmund Elix",487,160,870
1223,"Toxostoma curvirostre",919,"Aurel Broderick",449,484,289
1224,"Graspus graspus",247,"Felice Tocqueville",479,327,978
1225,"Meles meles",952,"Jermaine Worlock",195,438,831
1226,"Canis mesomelas",210,"Alvis Roiz",148,360,421
1227,"Myotis lucifugus",928,"Iggie Leon",16,152,408
1228,"Dendrocitta vagabunda",252,"Wilt Kovalski",343,130,178
1229,"Notechis semmiannulatus",853,"Elijah Squeers",122,250,472
1230,"Nyctea scandiaca",720,"Guglielmo Jacquemy",236,211,822
1231,"Tapirus terrestris",583,"Yale McGahern",28,313,413
1232,"Funambulus pennati",508,"Rinaldo Cornford",392,342,108
1233,"Aepyceros mylampus",227,"Lorettalorna O'Keefe",353,283,414
1234,"Phalaropus fulicarius",356,"Berna Briscoe",403,492,593
1235,"Nectarinia chalybea",310,"Nadya Gibling",216,223,704
1236,"Ovis dalli stonei",331,"Gav Koop",185,488,48
1237,"Morelia spilotes variegata",510,"Augustus Valentim",290,452,159
1238,"Pterocles gutturalis",233,"Gayle Kerfut",227,391,604
1239,"Anastomus oscitans",785,"Goldia Alessandone",207,382,487
1240,"Chauna torquata",483,"Thain Rameaux",406,334,418
1241,"Lybius torquatus",914,"Robb Stigers",384,427,486
1242,"Pelecans onocratalus",352,"Cyril Ganny",292,38,422
1243,"Odocoilenaus virginianus",730,"Irwin Loughhead",435,227,607
1244,"Pseudocheirus peregrinus",560,"Harper Lantuffe",99,137,816
1245,"Chauna torquata",558,"Hedwig Costley",360,199,281
1246,"Capreolus capreolus",545,"Haskel Helks",127,174,106
1247,"Lorythaixoides concolor",443,"Jennica McCafferky",76,223,317
1248,"Trichosurus vulpecula",392,"Lane Mewburn",456,270,170
1249,"Dendrohyrax brucel",729,"Laurence Odo",207,179,961
1250,"Certotrichas paena",524,"Odessa Strasse",57,414,685
1251,"Cacatua tenuirostris",989,"Stacy McCreery",352,486,93
1252,"Anser caerulescens",932,"Tanitansy Corringham",89,450,163
1253,"Terrapene carolina",406,"Tanitansy Dummigan",303,373,959
1254,"Sterna paradisaea",310,"Ludwig Larne",403,122,415
1255,"Phalacrocorax brasilianus",683,"Sanderson Berthomier",481,114,541
1256,"Eremophila alpestris",200,"Elsinore Clinning",459,399,627
1257,"Haematopus ater",570,"Carine Gibbon",99,194,413
1258,"Hippotragus equinus",498,"Anthea Giacomi",399,276,271
1259,"Phalaropus fulicarius",857,"Yankee Tash",306,283,968
1260,"Limnocorax flavirostra",508,"Leland Milner",55,114,243
1261,"Spermophilus armatus",384,"Kristian Cheesley",89,333,953
1262,"Agama sp.",783,"Neddie Gottelier",4,405,167
1263,"Oryx gazella callotis",364,"Gabbie Ledson",343,423,342
1264,"Eremophila alpestris",584,"Dale Triswell",379,111,162
1265,"Aonyx cinerea",950,"Codi Larwood",474,113,377
1266,"Nasua narica",586,"Mattheus Andrzejak",17,5,634
1267,"Ciconia ciconia",742,"Gerti Sandeland",191,200,196
1268,"Tenrec ecaudatus",749,"Ferdinand Parmenter",262,42,907
1269,"Bassariscus astutus",439,"Gonzales Jude",346,481,283
1270,"Phascogale calura",706,"Mahmud Whilde",76,255,80
1271,"Melophus lathami",871,"Kelsey Pottberry",96,221,679
1272,"Bos mutus",904,"Staford Saffrin",360,237,780
1273,"Pteronura brasiliensis",397,"Antoinette Cromblehome",332,294,175
1274,"Lutra canadensis",647,"Hilliard Hirtz",134,345,478
1275,"Acrobates pygmaeus",924,"Decca Brodway",237,324,183
1276,"Trichoglossus chlorolepidotus",707,"Concettina McCaffrey",490,207,442
1277,"Felis chaus",855,"Nonah Schofield",207,106,701
1278,"Odocoilenaus virginianus",253,"Tish Dumberell",171,30,843
1279,"Gopherus agassizii",811,"Wynn Reignard",485,406,271
1280,"Erinaceus frontalis",350,"Willem Santora",340,60,939
1281,"Leptoptilus dubius",387,"Jefferey Mascall",336,166,837
1282,"Colaptes campestroides",293,"Cazzie Bergstrand",425,455,475
1283,"Lepus townsendii",657,"Shep Bambridge",39,194,636
1284,"Felis silvestris lybica",721,"Burke McGlew",465,383,856
1285,"Aonyx capensis",711,"Shoshana Stalley",327,476,353
1286,"Gyps bengalensis",845,"Fancie McGroarty",423,178,166
1287,unavailable,367,"Sada Desseine",359,133,971
1288,"Theropithecus gelada",669,"Jessy Rentilll",40,132,823
1289,"Centrocercus urophasianus",978,"Harmonie Cleeves",420,408,387
1290,"Himantopus himantopus",268,"Letizia Rings",468,275,678
1291,"Pavo cristatus",325,"Brenn Rattrie",271,154,778
1292,"Lamprotornis sp.",784,"Rois Reaper",349,120,603
1293,"Nyctereutes procyonoides",641,"Ossie Bartkowiak",425,2,693
1294,"Naja sp.",677,"Sonni Waliszewski",277,457,469
1295,"Phacochoerus aethiopus",800,"Beret Robe",105,25,479
1296,"Kobus defassa",206,"Cindee Foister",276,468,904
1297,"Vulpes vulpes",280,"Keri Whitlaw",456,153,679
1298,"Cervus duvauceli",562,"Suzette Hedlestone",73,164,393
1299,"Zonotrichia capensis",205,"Corny Balaizot",234,15,829
1300,"Varanus sp.",974,"Nikaniki Swetmore",395,197,664
1301,"Cervus duvauceli",514,"Fanni Godin",373,20,925
1302,"Plegadis falcinellus",221,"Cesar Aers",463,186,752
1303,"Canis lupus lycaon",493,"Jorgan Glassup",27,489,494
1304,"Bubalornis niger",901,"Carlin Rodnight",95,470,509
1305,"Coluber constrictor",884,"Fields Tibbotts",234,251,696
1306,"Actophilornis africanus",573,"Tom Levesque",388,260,652
1307,"Chionis alba",738,"Selina Ciotto",247,338,461
1308,"Myrmecophaga tridactyla",900,"Levon Lethieulier",2,206,99
1309,"Trichosurus vulpecula",375,"Kelila Danielsen",103,406,125
1310,"Carduelis pinus",683,"Fonsie Graffin",364,419,817
1311,"Pelecans onocratalus",575,"Edie Jaffra",147,453,817
1312,"Rhea americana",372,"Nicki Swinley",78,491,147
1313,"Lepilemur rufescens",724,"Helenelizabeth Otterwell",233,187,744
1314,"Ursus maritimus",726,"Demetrius Bentham",409,359,183
1315,"Larus novaehollandiae",710,"Alfy Ternott",82,295,893
1316,"Felis concolor",881,"Antonietta Hasted",214,329,856
1317,"Himantopus himantopus",393,"Stacy Assandri",308,132,562
1318,unavailable,953,"Adore Bartelli",475,157,846
1319,"Cathartes aura",871,"Jessamine Klimmek",101,332,690
1320,"Junonia genoveua",836,"Dani De Pero",111,482,545
1321,"Rhea americana",866,"Cale Maggiori",482,331,994
1322,"Ictalurus furcatus",481,"Gage Dearth",245,44,83
1323,"Cebus nigrivittatus",850,"Anabel Fedynski",305,200,142
1324,"Milvus migrans",651,"Findley Chappel",189,369,134
1325,"Tauraco porphyrelophus",581,"Brennen Stower",125,259,35
1326,"Corallus hortulanus cooki",220,"Francesco Woodworth",320,128,571
1327,"Tiliqua scincoides",732,"Nelly Crepel",36,98,788
1328,"Columba livia",238,"Tabby Pankethman",123,335,910
1329,"Alectura lathami",692,"Cash De Beauchemp",131,126,889
1330,"Varanus sp.",626,"Haley Rawson",14,493,592
1331,"Actophilornis africanus",356,"Zarla Deare",446,172,712
1332,"Salvadora hexalepis",372,"Westbrook Paulitschke",424,78,335
1333,"Panthera leo",240,"Dulci Waddilove",465,24,277
1334,"Gazella thompsonii",545,"Brit Shillinglaw",8,409,80
1335,"Macropus agilis",702,"Catlaina Annice",306,7,97
1336,"Streptopelia decipiens",500,"Corrinne Harmstone",425,350,282
1337,"Cygnus buccinator",542,"Idell Gear",498,133,602
1338,"Acridotheres tristis",504,"Marlane Polk",145,263,530
1339,"Cervus canadensis",516,"Henry Fowley",272,299,229
1340,"Corythornis cristata",542,"Amie Wileman",464,95,981
1341,"Ardea golieth",456,"Hadria Spuner",293,26,700
1342,"Theropithecus gelada",386,"Ramsey Kibblewhite",235,436,788
1343,"Acrobates pygmaeus",504,"Ealasaid Luckwell",296,249,719
1344,unavailable,981,"Denyse Lilley",399,229,317
1345,"Lama pacos",459,"Bertrando Eisold",340,310,275
1346,"Chlidonias leucopterus",944,"Cassandre Bassindale",398,189,502
1347,"Ardea cinerea",761,"Gard Croose",298,218,493
1348,"Spermophilus lateralis",555,"Adelice MacSharry",284,185,893
1349,"Macropus fuliginosus",366,"Carol Hackin",20,48,496
1350,"Paroaria gularis",467,"Antonie Maskell",234,198,117
1351,"Dasyurus maculatus",737,"Esra Klein",252,464,667
1352,"Tockus flavirostris",595,"Cord Masdon",156,181,553
1353,"Dasypus novemcinctus",441,"Jasmine Pyrah",48,220,505
1354,"Buteo regalis",485,"Tami Doddrell",432,444,373
1355,"Orcinus orca",987,"Janith Goves",230,113,345
1356,"Oryx gazella callotis",307,"Zane Raubheim",243,70,855
1357,"Motacilla aguimp",970,"Mahmoud Vennard",107,65,808
1358,"Agkistrodon piscivorus",485,"Lidia Silvester",268,490,806
1359,"Phaethon aethereus",293,"Jocelyn Tarzey",113,117,446
1360,"Pseudoleistes virescens",713,"Arie Rosevear",406,252,733
1361,"Chelodina longicollis",818,"Averill Jachimiak",485,176,13
1362,"Lasiorhinus latifrons",378,"Gianna Anthonies",59,351,755
1363,"Ovis musimon",753,"Eziechiele Fiddyment",229,394,659
1364,"Canis lupus",892,"Hilliary Shepstone",219,341,96
1365,"Anitibyx armatus",809,"Darcey Pes",139,119,123
1366,"Petaurus norfolcensis",496,"Rutherford Morrilly",79,252,567
1367,"Leipoa ocellata",508,"Merlina Cattemull",377,328,833
1368,"Libellula quadrimaculata",532,"Neddie MacRedmond",271,485,627
1369,"Lama guanicoe",580,"Filia Utteridge",469,399,463
1370,"Sarkidornis melanotos",332,"Claudetta Arnau",303,445,900
1371,"Eudyptula minor",699,"Farand Prendiville",46,140,835
1372,"Butorides striatus",782,"Gran Philps",363,52,633
1373,"Neophoca cinerea",548,"Yolande Salazar",206,487,389
1374,"Capreolus capreolus",529,"Siward Orable",266,394,581
1375,"Cercatetus concinnus",880,"Lishe Dennison",489,79,166
1376,"Phoca vitulina",957,"Gayel Genthner",347,58,463
1377,"Carduelis uropygialis",541,"Marsiella Simecek",54,339,987
1378,"Paradoxurus hermaphroditus",835,"Lucian Banghe",241,486,110
1379,"Felis silvestris lybica",789,"Bili Wallbrook",127,125,992
1380,"Gazella granti",679,"Cyndy Taggert",271,55,160
1381,"Leptoptilus dubius",355,"Bamby Semerad",379,238,765
1382,"Oryx gazella",730,"Sabrina Ralton",475,11,78
1383,"Dasypus septemcincus",409,"Angil Stain",111,239,10
1384,"Ovis ammon",609,"Cornell Hencke",17,116,987
1385,"Phoca vitulina",490,"Loralyn Jentin",186,251,57
1386,"Alopex lagopus",915,"Jamesy Sorbie",250,307,148
1387,"Cordylus giganteus",486,"Brooks Pattington",310,10,389
1388,"Heloderma horridum",201,"Ellyn Polly",161,268,138
1389,"Vulpes chama",284,"Peggy Kippins",366,3,596
1390,"Aegypius occipitalis",736,"Arley Caw",361,29,961
1391,"Tockus flavirostris",857,"Milka Seccombe",427,359,925
1392,"Dasyurus viverrinus",873,"Christalle Reuven",448,472,566
1393,"Isoodon obesulus",416,"Stevy Pedro",206,77,836
1394,"Xerus sp.",403,"Grange Barck",167,368,390
1395,"Ardea golieth",956,"Giffy Dadley",170,29,245
1396,"Centrocercus urophasianus",840,"Christin Durno",373,177,803
1397,"Cynomys ludovicianus",249,"Dione Cardenoza",325,202,266
1398,"Eubalaena australis",444,"Isac Cholton",285,307,168
1399,"Meleagris gallopavo",979,"Lindy Pascow",481,262,761
1400,"Ara ararauna",278,"Reta Stitfall",410,174,483
1401,"Morelia spilotes variegata",559,"Waiter Mackney",201,202,459
1402,"Ara ararauna",345,"Dorella Robinson",352,206,471
1403,"Felis silvestris lybica",803,"Aurilia Dunleavy",101,358,439
1404,"Macaca radiata",262,"Sammy Endricci",397,16,371
1405,"Carduelis pinus",603,"Elizabeth Lanchbury",266,250,42
1406,"Smithopsis crassicaudata",887,"Guntar Simonou",59,471,216
1407,"Cacatua tenuirostris",229,"Zolly Doyley",179,252,631
1408,"Anser anser",766,"Mariette Jedrych",290,336,290
1409,"Pseudocheirus peregrinus",505,"Andrei Backshell",200,30,800
1410,"Ratufa indica",971,"Concettina Ashard",105,215,252
1411,"Bugeranus caruncalatus",465,"Addie Fretwell",192,498,674
1412,"Tursiops truncatus",805,"Reinhold Raigatt",14,494,538
1413,"Trachyphonus vaillantii",323,"Milty Diwell",434,295,910
1414,"Mazama americana",644,"Gerry Scullard",310,385,889
1415,"Eubalaena australis",601,"Berkeley Dulanty",224,238,517
1416,"Streptopelia senegalensis",217,"Rachele Snazel",453,192,949
1417,"Cervus canadensis",460,"Harper Ervine",437,55,186
1418,"Centrocercus urophasianus",272,"Konstance Hame",93,184,275
1419,"Merops sp.",340,"Josephine Fidler",166,446,582
1420,"Spermophilus armatus",606,"Gus Grzegorzewski",348,388,524
1421,"Macropus agilis",898,"Raf Geering",268,179,396
1422,"Microcebus murinus",705,"Randie Cathenod",339,463,186
1423,"Fregata magnificans",367,"Kendre Terzi",130,404,77
1424,"Alligator mississippiensis",936,"Babette Cudworth",417,338,184
1425,"Tamiasciurus hudsonicus",677,"Ann-marie Bartomieu",342,141,332
1426,"Leptoptilus dubius",586,"Elijah Hatto",351,14,792
1427,"Madoqua kirkii",340,"Kay Cochrane",223,237,941
1428,"Acrantophis madagascariensis",928,"Allene Paule",108,19,1
1429,"Ardea golieth",754,"Ruddie Colgrave",480,350,504
1430,"Uraeginthus bengalus",891,"Elicia Hadden",42,338,192
1431,"Plegadis falcinellus",594,"Stacia Hales",464,99,120
1432,"Loris tardigratus",711,"Marinna Boxer",191,431,464
1433,"Redunca redunca",335,"Charlotte Lurriman",208,17,932
1434,"Phalaropus fulicarius",586,"Della Haresnaip",431,9,297
1435,"Eurocephalus anguitimens",510,"Emalia Geydon",395,364,850
1436,"Echimys chrysurus",333,"Timofei Beloe",302,408,14
1437,"Phoca vitulina",710,"Cecelia Mursell",187,229,638
1438,"Corvus brachyrhynchos",534,"Kari Rissom",329,183,820
1439,"Dendrohyrax brucel",220,"Deloria Coping",164,277,401
1440,"Coendou prehensilis",669,"Karlotta Storek",458,420,744
1441,"Tayassu tajacu",800,"Del Dalling",141,16,578
1442,"Ctenophorus ornatus",660,"Flore Oakenfall",249,150,767
1443,"Tringa glareola",657,"Myron Chmarny",239,292,334
1444,"Ursus americanus",527,"Julissa Skelcher",142,55,328
1445,"Carduelis uropygialis",902,"Britteny Van den Hof",455,61,580
1446,"Tamiasciurus hudsonicus",763,"Alfreda Bliven",25,362,256
1447,"Acridotheres tristis",310,"Filberto Searby",453,336,793
1448,"Bassariscus astutus",766,"Ellynn Ravenscroftt",11,246,757
1449,"Pycnonotus barbatus",669,"Alfredo Amaya",287,373,658
1450,"Plectopterus gambensis",903,"Billi Taudevin",32,95,634
1451,"Loxodonta africana",764,"Vivienne Moan",279,114,273
1452,"Suricata suricatta",297,"Chester O'Hagirtie",216,242,74
1453,"Callorhinus ursinus",665,"Baxie Birrane",175,125,317
1454,"Connochaetus taurinus",826,"Ravi Tinson",57,124,641
1455,"Aquila chrysaetos",563,"Ewart Cheal",350,37,310
1456,"Alcelaphus buselaphus cokii",695,"Patrizia Cancellieri",194,261,519
1457,"Semnopithecus entellus",404,"Prudi Howle",64,119,182
1458,"Aquila chrysaetos",913,"Zeke Callicott",131,293,874
1459,"Cynictis penicillata",819,"Tedmund Lucchi",151,500,537
1460,"Butorides striatus",258,"Jorrie Parmiter",164,297,410
1461,unavailable,569,"Hymie Denziloe",174,89,679
1462,"Hyaena brunnea",295,"Lars Fouldes",196,371,779
1463,"Ammospermophilus nelsoni",433,"Cesare Rarity",36,183,681
1464,"Castor fiber",263,"Hedda Spurritt",451,392,622
1465,"Macaca nemestrina",438,"Inglebert MacCurley",57,368,237
1466,"Cercatetus concinnus",297,"Jerrilee Titlow",269,228,856
1467,"Plegadis ridgwayi",203,"Thomasina Scarsbrooke",152,248,86
1468,"Speotyte cuniculata",534,"Roch Hackin",199,338,414
1469,"Lepus arcticus",600,"Ernestus Champness",206,234,249
1470,"Coendou prehensilis",747,"Deloris Skellen",174,23,803
1471,"Myotis lucifugus",410,"Stanfield Giannini",270,336,875
1472,"Platalea leucordia",749,"Jakie Lago",99,444,247
1473,"Trichoglossus chlorolepidotus",536,"Paulie Kopp",163,257,786
1474,unavailable,750,"Claudetta Scading",39,160,843
1475,"Felis wiedi or Leopardus weidi",750,"Kippy McAnulty",457,379,665
1476,"Choloepus hoffmani",293,"Matthew Douthwaite",18,218,909
1477,"Ara ararauna",285,"Trix Oliveto",344,43,322
1478,"Tenrec ecaudatus",841,"Bunni Nulty",49,63,958
1479,"Francolinus swainsonii",850,"Kelci Ortes",227,45,121
1480,"Sterna paradisaea",487,"Tripp Gallon",408,11,318
1481,"Bos taurus",649,"Robbi Bassingden",28,464,448
1482,"Naja haje",837,"Townsend De Clairmont",327,224,146
1483,"Axis axis",881,"Lindsy Robus",398,66,320
1484,"Macaca nemestrina",595,"Delmer Smaile",18,62,94
1485,"Antechinus flavipes",440,"Cleo Carolan",375,115,263
1486,"Tadorna tadorna",215,"Clarisse Cannon",401,115,334
1487,"Geochelone elegans",224,"Ev Willavize",90,494,134
1488,"Capreolus capreolus",670,"Alayne Wycherley",19,84,988
1489,"Nectarinia chalybea",211,"Huntley Teacy",214,16,350
1490,"Morelia spilotes variegata",940,"Sebastiano Josselson",141,318,176
1491,"Junonia genoveua",829,"Claudian Witson",261,33,211
1492,"Coendou prehensilis",600,"Bryon Scholey",357,13,180
1493,unavailable,677,"Aindrea Bagshawe",460,455,235
1494,"Pitangus sulphuratus",436,"Osmund Jacke",387,44,746
1495,"Pelecanus conspicillatus",579,"Sascha Barrasse",51,74,64
1496,"Cordylus giganteus",626,"Tabbitha Itzkov",239,307,718
1497,"Dasyurus maculatus",643,"Sherwin Priter",183,148,1
1498,"Rhea americana",200,"Willamina Doulden",259,83,301
1499,"Crax sp.",426,"Kimberli Doswell",383,65,713
1500,"Threskionis aethiopicus",884,"Catherina Polleye",70,263,371
