department_id,department_name,department_contactNo,department_email
1,department-SlllkAutqvbQ,4567309982,jikguv@SlllkAutqvbQ.com
2,department-WtjkwIziubVB,7198410515,lilrus@WtjkwIziubVB.com
3,department-XHKuxTxsDGCO,5700508756,ve@XHKuxTxsDGCO.com
4,department-BcPHcvFtLeEp,2630969639,emper@BcPHcvFtLeEp.com
5,department-TOKBGAkozRfK,4578241934,hid@TOKBGAkozRfK.com
6,department-xQHcoMsFiGhp,2185984358,jo@xQHcoMsFiGhp.com
7,department-MZppVeWpBiRW,8135475188,ritos@MZppVeWpBiRW.com
8,department-iNOWGdEyPddI,9869194801,vaw@iNOWGdEyPddI.com
9,department-LeKJLAcvfZGq,6360222461,ro@LeKJLAcvfZGq.com
10,department-txtyjNbdMWgN,9261319867,kijum@txtyjNbdMWgN.com
11,department-HjiPXRuhxVbg,3059044735,girmin@HjiPXRuhxVbg.com
12,department-XBLkFjuiOmYM,6754006139,gieb@XBLkFjuiOmYM.com
13,department-lSgNoiiKAQji,8259147128,ve@lSgNoiiKAQji.com
14,department-YoIYliYzoDdv,9576577792,jija@YoIYliYzoDdv.com
15,department-uNqWCdAqJErz,4587195237,ohogob@uNqWCdAqJErz.com
16,department-IElzIKyFKPaC,8005491085,legdecbet@IElzIKyFKPaC.com
17,department-mOSmoBTeUVPP,9124214663,nivo@mOSmoBTeUVPP.com
18,department-UVBHTQNaLExV,2383235763,hihegi@UVBHTQNaLExV.com
19,department-TvgqgISWzboI,1371000139,mehluk@TvgqgISWzboI.com
20,department-buLiDDHgGkyc,7981758306,dekis@buLiDDHgGkyc.com
21,department-pPgVWTgUrSWq,1175859229,weezi@pPgVWTgUrSWq.com
22,department-BbGRXOalUsXY,3792651026,huful@BbGRXOalUsXY.com
23,department-TjYedgaVRwxn,6747857782,cuhket@TjYedgaVRwxn.com
24,department-yfAlHIRAYVTV,3213650072,evzi@yfAlHIRAYVTV.com
25,department-hippeVwbKWxJ,4533521606,lipfempo@hippeVwbKWxJ.com
26,department-UgAJyJYRDVGi,3863056948,cipol@UgAJyJYRDVGi.com
27,department-FdjtgzdSdlPA,7467718575,ednogpev@FdjtgzdSdlPA.com
28,department-caHtinVxgCjU,2036658514,mewok@caHtinVxgCjU.com
29,department-sFhYZHPmUPmS,9625411853,kortis@sFhYZHPmUPmS.com
30,department-PilyDSwINCsy,8875506764,sempi@PilyDSwINCsy.com
31,department-FjVzPFbXswzn,3483191903,dinolrow@FjVzPFbXswzn.com
32,department-qTayYntYpVOu,6447193922,kepzuncoj@qTayYntYpVOu.com
33,department-kFpryDKnrEqj,1298623870,kur@kFpryDKnrEqj.com
34,department-nXDErxcxILrn,6067056805,wowor@nXDErxcxILrn.com
35,department-ivlArLZvibhF,3062751434,zuf@ivlArLZvibhF.com
36,department-dRUoNCDGMhTo,5944495844,goeme@dRUoNCDGMhTo.com
37,department-BbmjQUvYFkKH,6882622007,leic@BbmjQUvYFkKH.com
38,department-ynUVKbjxINjE,2832410159,oduag@ynUVKbjxINjE.com
39,department-sPUXLUEXzEsH,5720016713,eh@sPUXLUEXzEsH.com
40,department-iAsMSgFNslxU,1176479308,gedowfew@iAsMSgFNslxU.com
41,department-TPvcVLUOEakb,3705754991,zuthus@TPvcVLUOEakb.com
42,department-jNVAdHMntHTA,7563584087,ezazi@jNVAdHMntHTA.com
43,department-CBlIxlryLAEf,5345618916,ponab@CBlIxlryLAEf.com
44,department-zolQxbLJRHQj,4201205076,gezluhgi@zolQxbLJRHQj.com
45,department-gkgScdcMfQGr,1735831981,gum@gkgScdcMfQGr.com
46,department-RTAQBuYgOdaX,4242572379,ga@RTAQBuYgOdaX.com
47,department-pZFPOIXyBgQx,3441283133,ajduh@pZFPOIXyBgQx.com
48,department-pTSJzTPPmqHD,6485196331,kenan@pTSJzTPPmqHD.com
49,department-umWnHlpADUCV,5824881687,iwse@umWnHlpADUCV.com
50,department-JybmryJWJLJT,6199915772,id@JybmryJWJLJT.com
51,department-azcavPdzNpgr,6354219088,lodnor@azcavPdzNpgr.com
52,department-TgThNmfebwTT,9749550471,kibwil@TgThNmfebwTT.com
53,department-pIJbDzUsXVeB,2268123043,zida@pIJbDzUsXVeB.com
54,department-dAowUTJMOyDi,2937042829,morolo@dAowUTJMOyDi.com
55,department-qtKcHYdiRhMA,9555284903,pienipip@qtKcHYdiRhMA.com
56,department-QDAzatZdyeul,6546924225,liv@QDAzatZdyeul.com
57,department-BKTeVHLUsBTJ,7645445507,zemgav@BKTeVHLUsBTJ.com
58,department-oRvThAfFkwAa,2468901908,livafowis@oRvThAfFkwAa.com
59,department-mTrHgcRtmBtk,8867767520,edfe@mTrHgcRtmBtk.com
60,department-nGfhkpZDVqFu,4789029218,bu@nGfhkpZDVqFu.com
61,department-hSLBqAyVUpOs,6118931566,doja@hSLBqAyVUpOs.com
62,department-MlrDEiaTEpcS,3947905652,we@MlrDEiaTEpcS.com
63,department-OlDUuJkdzJXX,5607033560,sicfi@OlDUuJkdzJXX.com
64,department-kUkPBgcyEeKB,5657297993,geg@kUkPBgcyEeKB.com
65,department-JGfMHVmnFBSz,7047949063,fuv@JGfMHVmnFBSz.com
66,department-cwngfZWzaVMs,8508891831,raokome@cwngfZWzaVMs.com
67,department-enlKJyZoBFKQ,3386776462,woscevuv@enlKJyZoBFKQ.com
68,department-RqHYHAYtDVpl,6484618327,rewsoafu@RqHYHAYtDVpl.com
69,department-TwawmdyfcAsK,6981535016,lulil@TwawmdyfcAsK.com
70,department-EPUqEPHxdTJw,5678814147,voawse@EPUqEPHxdTJw.com
71,department-rAAyrMljYpDA,7932619625,eci@rAAyrMljYpDA.com
72,department-DBhqRoZZEoDT,4963020169,vowo@DBhqRoZZEoDT.com
73,department-lJliHAFHoOoa,4361178980,famro@lJliHAFHoOoa.com
74,department-VVydTjpvzUUt,8070568140,donke@VVydTjpvzUUt.com
75,department-naQSYaoRCppQ,7742067784,tol@naQSYaoRCppQ.com
76,department-cgeVqHKjOgTA,2591432606,selic@cgeVqHKjOgTA.com
77,department-rWgFgbREsvRe,4490916343,jizcat@rWgFgbREsvRe.com
78,department-zFmzowgpgmFr,7577994108,miwpi@zFmzowgpgmFr.com
79,department-gOlDagEzmjEX,3143442880,loni@gOlDagEzmjEX.com
80,department-ZyTnrkEowken,5154961234,nojav@ZyTnrkEowken.com
81,department-dEdCzCremkco,7430326007,ko@dEdCzCremkco.com
82,department-oPWwGgOluIqe,1352112144,ikpag@oPWwGgOluIqe.com
83,department-wlDmkbfkFeka,4973612948,rusop@wlDmkbfkFeka.com
84,department-CnTZYLGXrulL,9532731204,cizobal@CnTZYLGXrulL.com
85,department-cJiwngQoQPJc,5226788183,to@cJiwngQoQPJc.com
86,department-CQwqMHMVtlTP,6071832567,ge@CQwqMHMVtlTP.com
87,department-FzdloBWofzwi,5010818563,himvaw@FzdloBWofzwi.com
88,department-ClfuSvDoxJvk,2281194830,jul@ClfuSvDoxJvk.com
89,department-UJZdrCTscSqn,9994817338,ul@UJZdrCTscSqn.com
90,department-AohsSTeqaIHO,1711931249,husmep@AohsSTeqaIHO.com
91,department-WfhtPPYZfScQ,8662647523,zawfidbih@WfhtPPYZfScQ.com
92,department-ZWByFkfFBgXl,3781154374,dimfovnip@ZWByFkfFBgXl.com
93,department-ZKErTgqCJwoc,6200454686,alji@ZKErTgqCJwoc.com
94,department-KVbzNJJSHCXj,4651396691,cuvpusguw@KVbzNJJSHCXj.com
95,department-PVHRlkLVENsA,6299745928,tubigol@PVHRlkLVENsA.com
96,department-GNALyqZEczya,2360392657,jogres@GNALyqZEczya.com
97,department-CApCRVjcqRuZ,9693031081,jogzes@CApCRVjcqRuZ.com
98,department-hFvctUEmHyPw,2516591128,geti@hFvctUEmHyPw.com
99,department-uKmAwMenNhcs,4454015680,tizvokad@uKmAwMenNhcs.com
100,department-hpySOfNVZDSD,5107936847,nokcoffo@hpySOfNVZDSD.com
101,department-qMbrpSUsTTfD,9231242428,aw@qMbrpSUsTTfD.com
102,department-bHlWmyeWSALh,3707296091,leatira@bHlWmyeWSALh.com
103,department-wRofHDByQuNe,1360978255,filos@wRofHDByQuNe.com
104,department-LMWJXjGpgBoU,9242963535,nok@LMWJXjGpgBoU.com
105,department-bAVIrNQIkyjl,1240981398,numlitik@bAVIrNQIkyjl.com
106,department-lWFOesRqItTz,9279043118,siet@lWFOesRqItTz.com
107,department-EWPXgaSXnQrS,7013458553,muav@EWPXgaSXnQrS.com
108,department-EIaLbwbVFPcu,2914991751,golmotfir@EIaLbwbVFPcu.com
109,department-NCIcOgwkUtDo,4201786097,padimafef@NCIcOgwkUtDo.com
110,department-jGeLtFFonXAs,7391945790,jumholde@jGeLtFFonXAs.com
111,department-QxOFZIvzoexa,5431204327,leco@QxOFZIvzoexa.com
112,department-CFaOrZogTZOt,4552963058,kuc@CFaOrZogTZOt.com
113,department-UluYXQaxEuni,8085772098,zuur@UluYXQaxEuni.com
114,department-mSuVlWKHEjQx,4916074977,wuokosic@mSuVlWKHEjQx.com
115,department-VwVIsVjEHYCY,9790760415,mumifto@VwVIsVjEHYCY.com
116,department-sqqGkFUEYnez,9364490463,otukevuso@sqqGkFUEYnez.com
117,department-CqJTxNFwwmty,5740248236,wa@CqJTxNFwwmty.com
118,department-UiLstZCRIAIs,6051577136,motkefod@UiLstZCRIAIs.com
119,department-ZzBDpkrBjnsk,4243206719,lo@ZzBDpkrBjnsk.com
120,department-LEcYSgEShsYR,6994738288,sajupev@LEcYSgEShsYR.com
121,department-SwGIPNkWLvRn,5040584847,mipwisi@SwGIPNkWLvRn.com
122,department-qIXqzbaUuKIQ,9777723889,ci@qIXqzbaUuKIQ.com
123,department-NifvGYfHGokC,4581320287,vihpotof@NifvGYfHGokC.com
124,department-fYSdVXCGEwTw,6815721797,ihpun@fYSdVXCGEwTw.com
125,department-GMFuGaQKqOXl,6857900182,gamod@GMFuGaQKqOXl.com
126,department-fhbffxjOjOwF,4468283453,kiirir@fhbffxjOjOwF.com
127,department-HMnbkoKkBHVf,4850869318,ew@HMnbkoKkBHVf.com
128,department-qTUhHfYvfDOT,6445455458,of@qTUhHfYvfDOT.com
129,department-hKjbJopGWLll,4564135586,pesgici@hKjbJopGWLll.com
130,department-PjQhEFsshvXA,9318053401,hi@PjQhEFsshvXA.com
131,department-axUBjAouTEQM,7382893042,elogirji@axUBjAouTEQM.com
132,department-cdbjgmasMeEI,6451374703,sivesof@cdbjgmasMeEI.com
133,department-MdRHFDETBtSL,8393154669,durfevi@MdRHFDETBtSL.com
134,department-NyWUAzesKyQk,4908261308,cek@NyWUAzesKyQk.com
135,department-eusbJQQbRviC,2173398022,fetmu@eusbJQQbRviC.com
136,department-RByVhMtGUXbT,5449899954,unocu@RByVhMtGUXbT.com
137,department-jjsMBiXaZixE,9761569777,huhuhor@jjsMBiXaZixE.com
138,department-BhOUGoznObNA,9750604739,kaerfo@BhOUGoznObNA.com
139,department-SKDwlkKvcXxx,9593503793,cujpen@SKDwlkKvcXxx.com
140,department-bhNvgKqsRnMi,3615625714,gomvuh@bhNvgKqsRnMi.com
141,department-wZdpXGXEzHHG,6860485263,wasa@wZdpXGXEzHHG.com
142,department-lZZpLMciesDW,8793423778,toah@lZZpLMciesDW.com
143,department-ZKWiNsKRyYYR,2209230323,lem@ZKWiNsKRyYYR.com
144,department-ydnkzaBqrFXr,8784407270,digzier@ydnkzaBqrFXr.com
145,department-VEeYAHElswTZ,8040444288,nake@VEeYAHElswTZ.com
146,department-mprecmHyrtsV,8413110961,tehbuv@mprecmHyrtsV.com
147,department-yrfBgVnuQdeG,7216973615,penduamo@yrfBgVnuQdeG.com
148,department-ZoNnUlnpxiVp,8860549852,vat@ZoNnUlnpxiVp.com
149,department-QCaCcIMAhbjR,2764220467,sizde@QCaCcIMAhbjR.com
150,department-niiviyyFrxXp,2362404315,boz@niiviyyFrxXp.com
151,department-CTMEbVMIOzeR,3220901224,rocigi@CTMEbVMIOzeR.com
152,department-DsJSdBldhqBG,8134607084,hol@DsJSdBldhqBG.com
153,department-gQcdtDPUPfOU,6163668045,viivagi@gQcdtDPUPfOU.com
154,department-CfCTIRJuaEdK,1303934236,erhem@CfCTIRJuaEdK.com
155,department-bbOSXDPAhUHI,4893324270,go@bbOSXDPAhUHI.com
156,department-JgyOsvAoYgYS,8706620817,vibemfi@JgyOsvAoYgYS.com
157,department-DpNVPXDkLIwO,9125860744,nom@DpNVPXDkLIwO.com
158,department-dbDsEhaHCWzN,8687287077,siife@dbDsEhaHCWzN.com
159,department-SAEewFryMHWj,4862758096,bocof@SAEewFryMHWj.com
160,department-mAtSaiCaAert,3438343370,gokpok@mAtSaiCaAert.com
161,department-TREEglBxmiBs,4950638669,mivgo@TREEglBxmiBs.com
162,department-TYpRHlJtynrb,1246574090,ermar@TYpRHlJtynrb.com
163,department-zXrdXAiGhsvC,7600149522,vog@zXrdXAiGhsvC.com
164,department-sMHyXaaFOhHb,5677757064,oraaw@sMHyXaaFOhHb.com
165,department-PrXNsBPnwIQa,9361960622,ipsuseti@PrXNsBPnwIQa.com
166,department-PYToPGPsOmID,6562350784,oloz@PYToPGPsOmID.com
167,department-VorWjiVqGbvK,6361320046,ve@VorWjiVqGbvK.com
168,department-ydvjuPdafUun,2277730204,venko@ydvjuPdafUun.com
169,department-FXbDpXhrbvEJ,4854213620,fewal@FXbDpXhrbvEJ.com
170,department-KfliYffDzTJn,4314838282,huc@KfliYffDzTJn.com
171,department-CHCtQRiafJGL,6067720921,cara@CHCtQRiafJGL.com
172,department-iyQGdqQIJWKQ,1565454717,welmol@iyQGdqQIJWKQ.com
173,department-sOUaSFceYIxA,9527031286,alewisabe@sOUaSFceYIxA.com
174,department-hvFRCAAGAZwz,8395514909,jekilo@hvFRCAAGAZwz.com
175,department-GSnONNeJtDCC,5571538663,zi@GSnONNeJtDCC.com
176,department-zIJGzsbuEClF,9669303606,mezo@zIJGzsbuEClF.com
177,department-KvNNFgCAbRgR,2375603471,womup@KvNNFgCAbRgR.com
178,department-OYagzHmyIxOm,6886447944,fefza@OYagzHmyIxOm.com
179,department-cEvKqVDYydWY,8636063922,binhe@cEvKqVDYydWY.com
180,department-KTDboSfzVRRA,6402373494,hihhulbow@KTDboSfzVRRA.com
181,department-oHyDRZxDHcYb,9753532640,ho@oHyDRZxDHcYb.com
182,department-iDmJfgEuBBpv,5689341055,ahbi@iDmJfgEuBBpv.com
183,department-YdlytvdxnGBG,8688558364,awenpuk@YdlytvdxnGBG.com
184,department-gVMbZkTZwREf,7426755828,turmot@gVMbZkTZwREf.com
185,department-OxEaTUYcYzOR,4336916960,fikca@OxEaTUYcYzOR.com
186,department-YuMxWRzHagaE,8972111455,afuvo@YuMxWRzHagaE.com
187,department-WiwgMPFtjnHp,7911477952,zun@WiwgMPFtjnHp.com
188,department-TPESCYMDqHFF,4428148839,eksim@TPESCYMDqHFF.com
189,department-RiIexWhtDOwY,7851251597,jo@RiIexWhtDOwY.com
190,department-hYZNWxzhmCdj,6694116203,zilo@hYZNWxzhmCdj.com
191,department-RjhPYUHeiKQr,6086021666,jos@RjhPYUHeiKQr.com
192,department-BHAsfvfoNcJv,6687330925,fuk@BHAsfvfoNcJv.com
193,department-NeusqTOAkCjl,3991448079,hojri@NeusqTOAkCjl.com
194,department-OABpYvXTpBRw,3713716732,rupwat@OABpYvXTpBRw.com
195,department-PpnXykZYcoax,5915404057,direl@PpnXykZYcoax.com
196,department-YbNDKJEGUZTo,9349147866,jowpa@YbNDKJEGUZTo.com
197,department-vMHHZjTSBqMX,5017892516,fokwi@vMHHZjTSBqMX.com
198,department-IwXsQTHFhMyH,4231527351,fi@IwXsQTHFhMyH.com
199,department-wxmJeFDBpuRL,8100801832,vianoluf@wxmJeFDBpuRL.com
200,department-tzvwEoedMeUV,6164058028,raijotok@tzvwEoedMeUV.com
201,department-SXcRcdzCLGtL,2105359648,wolir@SXcRcdzCLGtL.com
202,department-pwqMrANVVokV,2133461682,me@pwqMrANVVokV.com
203,department-LTkKbHzZDkEW,1724774620,bop@LTkKbHzZDkEW.com
204,department-LPoWINSHjPUd,5784388988,so@LPoWINSHjPUd.com
205,department-kdtbuZgBSiKQ,6987285455,heh@kdtbuZgBSiKQ.com
206,department-dlAyPTKdDsQQ,3465032918,ome@dlAyPTKdDsQQ.com
207,department-wtzWZRlVLRBO,6155921838,rek@wtzWZRlVLRBO.com
208,department-nspJTLaRrlDq,5775097223,segtihto@nspJTLaRrlDq.com
209,department-zCAwzzQPjNNw,4349397715,ma@zCAwzzQPjNNw.com
210,department-iNTUMZVCARuS,4971313889,zaj@iNTUMZVCARuS.com
211,department-OkznEbhxiyZE,5792271672,zecwuegu@OkznEbhxiyZE.com
212,department-JHHKPrQaBAcb,3023206500,obzu@JHHKPrQaBAcb.com
213,department-XqiERVrMTKiu,4277570073,kuogweg@XqiERVrMTKiu.com
214,department-yMKoSpnBPzBW,1483319197,los@yMKoSpnBPzBW.com
215,department-naRCDHSjXjEq,9078943967,lito@naRCDHSjXjEq.com
216,department-MJllqMYrVlOG,6156728096,nefbe@MJllqMYrVlOG.com
217,department-dUJwxVabIMkC,8070696371,wa@dUJwxVabIMkC.com
218,department-WapOCrRDnkhY,1950359678,boto@WapOCrRDnkhY.com
219,department-NKpGqcBgYIjc,8975762947,uzgerge@NKpGqcBgYIjc.com
220,department-YWzimLcrwget,8735481593,pafat@YWzimLcrwget.com
221,department-zfUuRMUeYOiN,2630474652,dobse@zfUuRMUeYOiN.com
222,department-RiffodIHIVuY,9036942802,dit@RiffodIHIVuY.com
223,department-LdDRtEiUDilS,4571643105,licba@LdDRtEiUDilS.com
224,department-vQBeLNktXQiT,7299601210,gome@vQBeLNktXQiT.com
225,department-BRmGSuJpWDsq,9276711000,pec@BRmGSuJpWDsq.com
226,department-IlhRKxAmgFTf,8158148980,rikpa@IlhRKxAmgFTf.com
227,department-svQSJuHXXXjb,1143105622,kico@svQSJuHXXXjb.com
228,department-uqPlMxTAEuCm,1597681957,alesesfel@uqPlMxTAEuCm.com
229,department-mNDEYUruBUSH,7320319564,ijuzelni@mNDEYUruBUSH.com
230,department-zumKBeNPEabw,9690329987,ke@zumKBeNPEabw.com
231,department-YSvrJQyVooLH,5180592927,gu@YSvrJQyVooLH.com
232,department-fgqbpoGzsmpD,4620615135,visha@fgqbpoGzsmpD.com
233,department-jBnLZyaRKMNl,3842162462,reuco@jBnLZyaRKMNl.com
234,department-zdaiAHTGazFg,8462997307,jivewi@zdaiAHTGazFg.com
235,department-MdeiKdQfpSDq,8928293156,jelem@MdeiKdQfpSDq.com
236,department-drWYNQMWdatl,7221570565,zopewove@drWYNQMWdatl.com
237,department-ZADRzfGftaFK,7889784409,sah@ZADRzfGftaFK.com
238,department-biIeOtvLJznZ,2121757882,reze@biIeOtvLJznZ.com
239,department-CVxFRNrorWsP,7859040488,gellu@CVxFRNrorWsP.com
240,department-KuByubtVUMxW,3362869269,ofewo@KuByubtVUMxW.com
241,department-OQRyknmxhyTb,1385638807,piju@OQRyknmxhyTb.com
242,department-nZtTwVLSUnmr,8821605509,depogeti@nZtTwVLSUnmr.com
243,department-WGefqFvsABgV,7370941821,ap@WGefqFvsABgV.com
244,department-NimhbQrhjPvU,6087842615,forre@NimhbQrhjPvU.com
245,department-iZviBKgLUXFg,7837999919,munek@iZviBKgLUXFg.com
246,department-TVJsDVOUHGjq,2607159278,edi@TVJsDVOUHGjq.com
247,department-VPmiTYIdMvRJ,5189526549,ek@VPmiTYIdMvRJ.com
248,department-aYDQqljCChrJ,3187101404,vidgarti@aYDQqljCChrJ.com
249,department-jjHfLLdpAHdd,8920844989,wavev@jjHfLLdpAHdd.com
250,department-PFEIAyqsGHgJ,4450540231,igapa@PFEIAyqsGHgJ.com
251,department-CFykqaAyXvOs,6602876527,jof@CFykqaAyXvOs.com
252,department-oCUnXaYpsBKp,2167910292,ipcego@oCUnXaYpsBKp.com
253,department-xdZusNdPwqlR,5908752722,heghec@xdZusNdPwqlR.com
254,department-xghKwRMShbMl,9034167900,rutgi@xghKwRMShbMl.com
255,department-OhGlzzfTNWSR,7237335329,jozep@OhGlzzfTNWSR.com
256,department-vjCiDdfKvJbj,7158133659,ufihozeb@vjCiDdfKvJbj.com
257,department-ZvkJihAJqPFh,2704601473,tikod@ZvkJihAJqPFh.com
258,department-kXmssMmlJNAo,2920725100,zege@kXmssMmlJNAo.com
259,department-BloQTdERgHRd,6843822050,celfad@BloQTdERgHRd.com
260,department-vUSJIHicVLHP,4834611693,jumori@vUSJIHicVLHP.com
261,department-tQiBFuIqcIzT,9134219103,bire@tQiBFuIqcIzT.com
262,department-bYjBUUEgmZEY,4084412423,kehiz@bYjBUUEgmZEY.com
263,department-dLLFzFOddHZm,3648200841,mozivu@dLLFzFOddHZm.com
264,department-lTouRkJefxpJ,8909151625,awde@lTouRkJefxpJ.com
265,department-aowFbFXcPMEs,4903101355,goipe@aowFbFXcPMEs.com
266,department-NkrDPjpOLkTX,9971412360,mo@NkrDPjpOLkTX.com
267,department-cwaQdtTBjPfC,9683823081,soade@cwaQdtTBjPfC.com
268,department-sfXmwWyuVgMn,3761900931,ehvuvas@sfXmwWyuVgMn.com
269,department-aAViqlCqJYHr,9175052381,ekohdo@aAViqlCqJYHr.com
270,department-PjVvrFRpsbir,9883122928,amo@PjVvrFRpsbir.com
271,department-IeBHhgThsesD,2196367080,vihnouk@IeBHhgThsesD.com
272,department-pBJWyDQFSckR,5282676730,goclif@pBJWyDQFSckR.com
273,department-MwbSljAvWEuA,3660495482,tuiwe@MwbSljAvWEuA.com
274,department-sRPYsCxrFUNi,6216168451,jalga@sRPYsCxrFUNi.com
275,department-ZJmpakJZWkui,9921153272,cetzoj@ZJmpakJZWkui.com
276,department-OJQAFrQitDTS,6479634297,to@OJQAFrQitDTS.com
277,department-IdSgsRCkvPKv,2554186656,efjatuj@IdSgsRCkvPKv.com
278,department-slddDhpZThqc,6202706826,tietje@slddDhpZThqc.com
279,department-MVsUbGOuCpLh,3162532621,run@MVsUbGOuCpLh.com
280,department-CXsNAlPHJlCe,8050419135,wazob@CXsNAlPHJlCe.com
281,department-RohDHjYQshVO,8386652130,awedo@RohDHjYQshVO.com
282,department-QDgPedjEUOpZ,6107805071,ig@QDgPedjEUOpZ.com
283,department-LsBohIBsAFYB,6956490759,gojkew@LsBohIBsAFYB.com
284,department-WvpfNKUQQukd,5653913502,asike@WvpfNKUQQukd.com
285,department-kFbreFgpVNGK,9613508051,siivgem@kFbreFgpVNGK.com
286,department-iVOKTLSNWzTS,3797260772,uve@iVOKTLSNWzTS.com
287,department-CpGOutXebvoJ,3520620100,lajeur@CpGOutXebvoJ.com
288,department-GiPgJMRrdGjT,2643773453,voziz@GiPgJMRrdGjT.com
289,department-FTHpGACRPBCg,3433395814,jenen@FTHpGACRPBCg.com
290,department-zDZjWDoTzQMX,7024813246,osawo@zDZjWDoTzQMX.com
291,department-RXnbiJAPFmib,4572081043,egeiconef@RXnbiJAPFmib.com
292,department-UbYLdCWQVAUw,4258859335,duco@UbYLdCWQVAUw.com
293,department-TubuBrFQpvyB,9565586396,zonud@TubuBrFQpvyB.com
294,department-WNNGPvUaRLNc,7433525413,kahef@WNNGPvUaRLNc.com
295,department-rWSyPYQtKxIX,1838949511,ra@rWSyPYQtKxIX.com
296,department-dGNqHEJZfXya,1882681218,cu@dGNqHEJZfXya.com
297,department-hMyAujrqmUfo,3788958550,tiimmum@hMyAujrqmUfo.com
298,department-sHjRgyvfJaDa,8127731459,atisep@sHjRgyvfJaDa.com
299,department-EBRDxYhNicNp,5175252201,gugguh@EBRDxYhNicNp.com
300,department-abAyQGCVeblr,6255666085,katizi@abAyQGCVeblr.com
301,department-lLqgIECSwRjV,5646566835,pit@lLqgIECSwRjV.com
302,department-kZllPQHmkLdt,6943467834,lujka@kZllPQHmkLdt.com
303,department-fKoKtYkQgvMr,4416574901,zutmozmop@fKoKtYkQgvMr.com
304,department-ACOpcZMEMWKm,1184501675,todfok@ACOpcZMEMWKm.com
305,department-TDKWwfGCbqvt,4719557443,gergo@TDKWwfGCbqvt.com
306,department-MnOrMuBJjBix,9139218856,efifun@MnOrMuBJjBix.com
307,department-xGONDTZiiJaq,6873420947,wewnil@xGONDTZiiJaq.com
308,department-DGMGYVJLPJoA,9606608185,zurow@DGMGYVJLPJoA.com
309,department-lEnPIfCLpuGk,3291558452,siwus@lEnPIfCLpuGk.com
310,department-pHpgChPDMEku,4352701073,bivuzopum@pHpgChPDMEku.com
311,department-nsBNyocJcMjA,7466874615,jep@nsBNyocJcMjA.com
312,department-wHgxJmZAiGrk,3810783202,sovam@wHgxJmZAiGrk.com
313,department-zMOCMuNsjdml,1824841081,mir@zMOCMuNsjdml.com
314,department-GBsziugJqpho,6074634966,zokani@GBsziugJqpho.com
315,department-XgkpYNaRYOwz,4189105920,fewodhi@XgkpYNaRYOwz.com
316,department-XcfaIbqpVsZz,1605552999,iniifvep@XcfaIbqpVsZz.com
317,department-GDNJkiWOpkqU,7038315474,wemereg@GDNJkiWOpkqU.com
318,department-mSHaSiFpaIQK,1456891133,ecpib@mSHaSiFpaIQK.com
319,department-DiGDMDFwskfa,7787925480,rogso@DiGDMDFwskfa.com
320,department-wQdTZdpBHxxb,7247772363,unzih@wQdTZdpBHxxb.com
321,department-GkBZJRvEdgYA,9382371938,leglef@GkBZJRvEdgYA.com
322,department-QfiXBLapZzXA,5325804212,pogve@QfiXBLapZzXA.com
323,department-bQYSRCCYCsVV,4352025693,ewucergi@bQYSRCCYCsVV.com
324,department-kNivAwMXWsMT,8741263852,wevi@kNivAwMXWsMT.com
325,department-urKjWEwBbRIW,9679213023,ifnusfo@urKjWEwBbRIW.com
326,department-uyQQoBQnCjip,8015386570,momeude@uyQQoBQnCjip.com
327,department-IZxJgPiEDSjL,9290908375,ete@IZxJgPiEDSjL.com
328,department-IkIWavdjxRof,9962161340,po@IkIWavdjxRof.com
329,department-QIsiFlwwiiYy,2761651933,kojjus@QIsiFlwwiiYy.com
330,department-qmqVRnbrMZrO,5246469023,rujcar@qmqVRnbrMZrO.com
331,department-blIgQHZwOCqg,4594045176,wolfo@blIgQHZwOCqg.com
332,department-nRROunKECZVm,3041040530,hab@nRROunKECZVm.com
333,department-olpgegKkjXxc,2998843910,aroejhoh@olpgegKkjXxc.com
334,department-dVSncArUJkpV,7610131490,li@dVSncArUJkpV.com
335,department-nizFpZDrMDRZ,6098316964,hojize@nizFpZDrMDRZ.com
336,department-wUCWERGYfTCd,6461627271,susloam@wUCWERGYfTCd.com
337,department-BGWrYCBffqgB,8285019237,sem@BGWrYCBffqgB.com
338,department-ADqWtbhdAnrA,8017005602,wincigew@ADqWtbhdAnrA.com
339,department-UVjkoefupHEG,1954045351,anu@UVjkoefupHEG.com
340,department-AOqwSzQBhzFR,8743554430,herir@AOqwSzQBhzFR.com
341,department-RdNYHcRZMkbr,7869638310,kir@RdNYHcRZMkbr.com
342,department-jrcBLtYmeoBB,5951907650,wepitu@jrcBLtYmeoBB.com
343,department-uCqYAjfzcXDi,7542937752,gise@uCqYAjfzcXDi.com
344,department-wBCHPRPNrIvB,3583740237,bemifopo@wBCHPRPNrIvB.com
345,department-iroKDSSdgIpK,2426837484,ku@iroKDSSdgIpK.com
346,department-pCJwaFUzmofm,2184896881,og@pCJwaFUzmofm.com
347,department-nXHXPrSSDNVc,8564822855,sikfu@nXHXPrSSDNVc.com
348,department-QHeoqzSOqazg,4462462088,nus@QHeoqzSOqazg.com
349,department-IvgKYsdjUvce,8629114946,zemfun@IvgKYsdjUvce.com
350,department-MOYWcqJCEgXW,9129501175,cite@MOYWcqJCEgXW.com
351,department-HSUSzXRYRKDQ,6797451660,zejmucim@HSUSzXRYRKDQ.com
352,department-XFKgjWTloNTT,4184949670,ajaptu@XFKgjWTloNTT.com
353,department-GepYdsoRcqav,6956635227,vihsos@GepYdsoRcqav.com
354,department-eeJLUvmYUWES,2001055225,poise@eeJLUvmYUWES.com
355,department-fLggxXCcHcGf,6538491315,vupe@fLggxXCcHcGf.com
356,department-dVdtDxVeziSy,6328582749,mo@dVdtDxVeziSy.com
357,department-bVnLxLpvcWDd,9197585076,keasone@bVnLxLpvcWDd.com
358,department-suYNalumZhLQ,9614966581,baw@suYNalumZhLQ.com
359,department-ysVYWKchRoKl,6980015302,siro@ysVYWKchRoKl.com
360,department-rmVFGFMBofRL,8434037589,codje@rmVFGFMBofRL.com
361,department-FPGnDAfgTmeH,1595001896,movsef@FPGnDAfgTmeH.com
362,department-OFhFwlOGdQeM,8746253142,cujgone@OFhFwlOGdQeM.com
363,department-uSsGooYeijqB,3973825103,junave@uSsGooYeijqB.com
364,department-lCSKZqNNyaVr,8231805764,sof@lCSKZqNNyaVr.com
365,department-npNAbXRrnXvE,3301178494,idga@npNAbXRrnXvE.com
366,department-rwBxgExvhxuo,8175800079,la@rwBxgExvhxuo.com
367,department-gGBhGtlrgGNZ,8994625917,mihuvere@gGBhGtlrgGNZ.com
368,department-RYlEyrZyCSDF,3891167353,liserpe@RYlEyrZyCSDF.com
369,department-pyXtLJtjsrIU,1910613333,ad@pyXtLJtjsrIU.com
370,department-BNCMQakAgvQZ,9065727918,jemar@BNCMQakAgvQZ.com
371,department-pnKnWhPuudKF,4563413739,rupor@pnKnWhPuudKF.com
372,department-GWoWMvuZsmCY,1521689096,saifu@GWoWMvuZsmCY.com
373,department-VZJVNmGmXZTK,2275265433,di@VZJVNmGmXZTK.com
374,department-dxSyOWKpSinh,5754914753,acuen@dxSyOWKpSinh.com
375,department-PwRGXbcEgVMy,2803756136,fadoje@PwRGXbcEgVMy.com
376,department-iwSYDnhCNYsx,9013171195,venji@iwSYDnhCNYsx.com
377,department-BJAlsCfCNiyw,2525280153,junoul@BJAlsCfCNiyw.com
378,department-BybkuOpeGgsO,9471121355,rir@BybkuOpeGgsO.com
379,department-GtAGqLaVjyvW,4070128721,zijate@GtAGqLaVjyvW.com
380,department-AGoFWvlufEbk,7108789133,jobiv@AGoFWvlufEbk.com
381,department-iCqoldPdpuXw,5489555538,tobun@iCqoldPdpuXw.com
382,department-zXzUrLhZZpcr,1524930677,onoboh@zXzUrLhZZpcr.com
383,department-cCuInPFyGWsg,9359369106,haw@cCuInPFyGWsg.com
384,department-zokTxDAtwJFy,1619920938,vafpo@zokTxDAtwJFy.com
385,department-xxDBSvsWSgkH,5006957239,tojzehu@xxDBSvsWSgkH.com
386,department-EwPYmhhEpMBM,7892644266,eli@EwPYmhhEpMBM.com
387,department-hzAGvMvbhyoW,9610975662,zonlo@hzAGvMvbhyoW.com
388,department-fcjzUTpLKERg,9062378364,donlih@fcjzUTpLKERg.com
389,department-fAFoHZNGRMtn,2987820324,rof@fAFoHZNGRMtn.com
390,department-fbSkDOkziNIz,8508456653,hohuce@fbSkDOkziNIz.com
391,department-ThVtUqULQsVG,6873426170,ka@ThVtUqULQsVG.com
392,department-aLXRAzuSKrij,1501778075,go@aLXRAzuSKrij.com
393,department-kHiBtjtbaDOL,9018795874,tipjev@kHiBtjtbaDOL.com
394,department-bIGIekVUwvxp,5700470176,uwgip@bIGIekVUwvxp.com
395,department-VFYyrCDJgDjR,8535419614,afi@VFYyrCDJgDjR.com
396,department-wsNMPyoqFWsK,1632412530,no@wsNMPyoqFWsK.com
397,department-xffMhzQwpnVm,7249341301,du@xffMhzQwpnVm.com
398,department-VIlsQpmNeWnU,4667903496,cinliv@VIlsQpmNeWnU.com
399,department-zDJHVRMjHzKD,3838492053,sazmoep@zDJHVRMjHzKD.com
400,department-JtJpTJXUTotH,6349624128,poloro@JtJpTJXUTotH.com
401,department-XfALxoLezVrR,6766872142,wekro@XfALxoLezVrR.com
402,department-ReTTucsyHxLm,5261345157,pi@ReTTucsyHxLm.com
403,department-NWUnkKEsVhbJ,7931453024,nioli@NWUnkKEsVhbJ.com
404,department-NjZHgNNVbzVz,7513892184,sin@NjZHgNNVbzVz.com
405,department-IAbkYiyuPJmn,2496064659,fafikeg@IAbkYiyuPJmn.com
406,department-zwzGfCKoFhGd,8999322837,pofel@zwzGfCKoFhGd.com
407,department-eEwTKeCorJLX,3938845089,seklemu@eEwTKeCorJLX.com
408,department-lkrqiSedgKkM,7814811514,jemtof@lkrqiSedgKkM.com
409,department-LyIJIvxoKdQp,5036354003,pepulwe@LyIJIvxoKdQp.com
410,department-XUWjwCbLweBU,6896829240,izlat@XUWjwCbLweBU.com
411,department-UulopolZOahA,6470951159,oku@UulopolZOahA.com
412,department-eHCafdYmXLZT,1461844379,becalse@eHCafdYmXLZT.com
413,department-gmpLtbDOCJHf,2591467403,himid@gmpLtbDOCJHf.com
414,department-HexIYdTYMHLJ,8117914582,higjer@HexIYdTYMHLJ.com
415,department-ZWmhjAqmNNvr,6160866207,po@ZWmhjAqmNNvr.com
416,department-ApoMjUZcbcfG,8692030892,jerpuopa@ApoMjUZcbcfG.com
417,department-XFeoWxOPJJWD,7148177000,vulegig@XFeoWxOPJJWD.com
418,department-reUpiuZIeZHa,6464453896,kakwid@reUpiuZIeZHa.com
419,department-EUCrusmZxGNK,3338374001,wi@EUCrusmZxGNK.com
420,department-HIYofqBcvfnJ,3679091686,lid@HIYofqBcvfnJ.com
421,department-vzAqtVhzrdus,1750450272,lekjewtig@vzAqtVhzrdus.com
422,department-UtYMVzzApXec,1349981489,lonel@UtYMVzzApXec.com
423,department-HlqMJJZluqhj,4436967768,pi@HlqMJJZluqhj.com
424,department-BbaETOrQTBRw,9350993419,fo@BbaETOrQTBRw.com
425,department-mFmaEOZrltjd,4233336886,rorbem@mFmaEOZrltjd.com
426,department-gGLIjNXaxnDk,2713999707,fol@gGLIjNXaxnDk.com
427,department-iTzQNkaerASD,2974785832,ridwoj@iTzQNkaerASD.com
428,department-sCOwrVfFlBAH,3396395695,ledfosfu@sCOwrVfFlBAH.com
429,department-SGOcPWZvZzhr,2320885283,hac@SGOcPWZvZzhr.com
430,department-STTMLLOjQYog,5496117777,nemehih@STTMLLOjQYog.com
431,department-RiBQqocNGVJk,3824052032,hehegub@RiBQqocNGVJk.com
432,department-pPhLJjHQxRSG,8967396004,potapnat@pPhLJjHQxRSG.com
433,department-bLbEYUOevuOl,7596414782,wu@bLbEYUOevuOl.com
434,department-xpxNEWMmZQoX,5666125293,siv@xpxNEWMmZQoX.com
435,department-MSSMXYeLPHOj,2021560795,la@MSSMXYeLPHOj.com
436,department-YLpdMaDEGUUz,1321973991,aku@YLpdMaDEGUUz.com
437,department-pjAJnBbMHdgU,5112588471,vegem@pjAJnBbMHdgU.com
438,department-omcmxdBcEwyq,2235519920,ci@omcmxdBcEwyq.com
439,department-PaUasLLiMKyE,9796449601,jahnu@PaUasLLiMKyE.com
440,department-IahYQGwkmaEv,6950606604,or@IahYQGwkmaEv.com
441,department-KtiUdPbnVCaz,6186141784,par@KtiUdPbnVCaz.com
442,department-GccSWXzOwFJk,7503150221,worah@GccSWXzOwFJk.com
443,department-BPgYvwoQmtDB,2752015912,zivpof@BPgYvwoQmtDB.com
444,department-XLMrapKcuYcE,8582507558,cemko@XLMrapKcuYcE.com
445,department-WGGDJyqdESul,9935114286,kipwi@WGGDJyqdESul.com
446,department-leSigbsTtMPz,1424015532,mi@leSigbsTtMPz.com
447,department-JKjPZYvYOhed,6658569781,ascog@JKjPZYvYOhed.com
448,department-qpDvXhFxugQl,1818299897,vu@qpDvXhFxugQl.com
449,department-PISuJkErllIB,6508973233,acesop@PISuJkErllIB.com
450,department-qwbzViokduyb,8524833905,abenuc@qwbzViokduyb.com
451,department-HklXuawIXWlm,7485572361,vo@HklXuawIXWlm.com
452,department-pcjkIPYEsnMc,4690221071,momani@pcjkIPYEsnMc.com
453,department-VsbAeyJQlGdt,1330016482,huweh@VsbAeyJQlGdt.com
454,department-fpNTLIiamelu,1458763592,vodti@fpNTLIiamelu.com
455,department-wyhmoeuRMVKr,5417158782,ga@wyhmoeuRMVKr.com
456,department-yFHWxodrvylO,6187755768,jadiki@yFHWxodrvylO.com
457,department-jqkfpjUXRPwY,8519531180,abuaj@jqkfpjUXRPwY.com
458,department-xfbYyIHJNvnB,1881835095,joktel@xfbYyIHJNvnB.com
459,department-dTlXrVGHhNMn,8907641139,pe@dTlXrVGHhNMn.com
460,department-kZTKMrGNwxBO,1447351509,wuamese@kZTKMrGNwxBO.com
461,department-iFjarssyUqXU,3828855881,votone@iFjarssyUqXU.com
462,department-WQrzCOIoIpvU,5883325830,sarjaawe@WQrzCOIoIpvU.com
463,department-JAXacadbcBhM,2708897211,kidvu@JAXacadbcBhM.com
464,department-lHMpmMFRQjTR,5971943360,piabman@lHMpmMFRQjTR.com
465,department-enAdyUnLIxDv,4196723119,oniugo@enAdyUnLIxDv.com
466,department-DTweIwfiNyRE,6603512816,do@DTweIwfiNyRE.com
467,department-dyjvgTHZGFPG,8932959325,cucen@dyjvgTHZGFPG.com
468,department-eLxqyjzpzNcE,6025638619,fekdernek@eLxqyjzpzNcE.com
469,department-UPBSVSrpmngB,1806347582,isiwohreg@UPBSVSrpmngB.com
470,department-LzrjACycDUmZ,3568072747,ruk@LzrjACycDUmZ.com
471,department-MDVPDkAhPSGo,9760572459,zuwbapu@MDVPDkAhPSGo.com
472,department-gGMKzBRFWJFu,6520567516,ephok@gGMKzBRFWJFu.com
473,department-JNOrtIzKdYML,9003011486,fohpocpaw@JNOrtIzKdYML.com
474,department-nTNYPguNUeVd,9852360177,cuf@nTNYPguNUeVd.com
475,department-cRGCVNvMrFaj,8004728576,muhlegew@cRGCVNvMrFaj.com
476,department-fgVBWuNtjaDs,9330266056,mi@fgVBWuNtjaDs.com
477,department-WuOxhwdRnvDR,9999874675,lene@WuOxhwdRnvDR.com
478,department-DKXUUOLHabJK,1532225976,bikejac@DKXUUOLHabJK.com
479,department-LcsvBxDgiMbi,7862655026,koicoge@LcsvBxDgiMbi.com
480,department-qzLuJwKUoZmO,6663714023,moto@qzLuJwKUoZmO.com
481,department-VFKvhtWRIyao,2725272122,pa@VFKvhtWRIyao.com
482,department-YaNsVRNcznJt,4057225822,zolihwi@YaNsVRNcznJt.com
483,department-TfLKCIZHsyzB,5049770471,sehpow@TfLKCIZHsyzB.com
484,department-BzKpfrUVoxnG,2677979054,rodir@BzKpfrUVoxnG.com
485,department-fLOBgjWXfmrM,2764160963,wem@fLOBgjWXfmrM.com
486,department-rbfrboaawxaX,7840782384,nodi@rbfrboaawxaX.com
487,department-QjNkJMzjEKCH,7922043683,gi@QjNkJMzjEKCH.com
488,department-DSpBaGHujBDw,2989838818,fezo@DSpBaGHujBDw.com
489,department-NKulUqeJwAHM,2497207647,ivwe@NKulUqeJwAHM.com
490,department-ntGfKrJMADbc,5625685302,kofo@ntGfKrJMADbc.com
491,department-mNTZkrGjxXGZ,4709521970,vucju@mNTZkrGjxXGZ.com
492,department-jGGhoyjETlbV,7969361563,cijsotdut@jGGhoyjETlbV.com
493,department-lUNMxibRlHwN,3713103654,meh@lUNMxibRlHwN.com
494,department-bujGEuJdYvaI,7310425518,lefgi@bujGEuJdYvaI.com
495,department-LQPZDRCfKmhI,8233599168,zeju@LQPZDRCfKmhI.com
496,department-HDqJmRzQgxEJ,9151577057,wefnav@HDqJmRzQgxEJ.com
497,department-jnSvXgQPHcXJ,1555788083,nob@jnSvXgQPHcXJ.com
498,department-MoQCvpotaskB,5408659326,jirbuwut@MoQCvpotaskB.com
499,department-lbfdRLWbWxUP,6283055126,sutdi@lbfdRLWbWxUP.com
500,department-eARhEgABlBBj,8344516625,hon@eARhEgABlBBj.com
