session_id,session_Name,session_FromTime,session_ToTime,department_ID,course_ID,book_ID
1,"Open-source stable neural-net",2020-07-07,2021-03-18,378,47,449
2,"Object-based demand-driven solution",2020-03-24,2020-08-29,130,10,699
3,"Right-sized optimal conglomeration",2021-08-20,2020-11-07,42,243,563
4,"Reduced object-oriented installation",2021-06-02,2020-10-12,301,435,374
5,"Customer-focused attitude-oriented hierarchy",2021-04-18,2021-09-17,495,130,774
6,"Fundamental responsive utilisation",2020-05-06,2020-03-30,81,8,891
7,"Stand-alone uniform flexibility",2021-01-06,2021-01-22,241,398,867
9,"Profit-focused real-time standardization",2020-03-30,2020-12-28,328,331,542
10,"Customer-focused responsive solution",2021-06-13,2021-01-25,282,22,4
11,"Persevering tertiary functionalities",2021-02-08,2020-08-11,485,238,215
12,"Robust client-driven internet solution",2021-09-04,2021-07-30,415,209,950
13,"Polarised user-facing encryption",2021-02-05,2021-06-17,441,158,867
14,"Synergistic tangible encryption",2021-02-11,2021-03-04,250,212,130
15,"Triple-buffered non-volatile strategy",2020-06-13,2021-08-30,35,423,716
16,"Multi-lateral dedicated frame",2020-01-07,2021-01-13,17,95,127
17,"Horizontal national conglomeration",2021-01-15,2020-09-11,259,161,416
18,"Stand-alone demand-driven toolset",2020-06-03,2020-04-29,280,103,94
19,"Face to face directional hardware",2021-10-27,2020-04-06,406,328,603
20,"Multi-channelled static parallelism",2020-08-04,2021-06-22,346,26,717
21,"Focused maximized Graphical User Interface",2020-04-20,2021-10-07,10,143,87
22,"Multi-layered client-driven time-frame",2020-04-04,2020-05-19,227,167,205
23,"Expanded motivating collaboration",2020-11-01,2021-03-06,2,198,697
24,"Virtual upward-trending algorithm",2021-05-18,2021-03-13,152,367,971
25,"Versatile actuating paradigm",2020-05-17,2021-03-23,118,55,706
26,"Automated actuating success",2020-10-15,2020-12-16,123,243,584
27,"Advanced logistical toolset",2021-07-09,2021-04-08,329,285,672
28,"Fully-configurable composite ability",2021-05-07,2020-05-09,392,430,872
29,"Polarised impactful superstructure",2021-06-05,2021-03-05,212,242,639
30,"Total user-facing collaboration",2020-05-07,2021-08-18,309,246,138
31,"Function-based national time-frame",2021-08-16,2020-04-25,119,10,856
32,"Decentralized bifurcated utilisation",2020-07-26,2020-09-15,74,27,137
33,"Fundamental solution-oriented system engine",2021-06-22,2021-03-05,159,466,816
34,"Balanced holistic workforce",2021-10-15,2020-08-23,240,350,726
35,"Versatile background database",2021-01-25,2021-04-17,200,211,45
36,"Quality-focused 5th generation info-mediaries",2020-07-06,2020-04-08,420,151,381
37,"Synergized contextually-based project",2021-04-27,2021-10-25,500,308,348
38,"Robust responsive software",2021-08-09,2020-11-30,252,169,156
39,"Multi-tiered bifurcated productivity",2020-03-20,2021-05-05,383,466,938
40,"Ergonomic optimizing parallelism",2021-10-14,2020-04-11,99,7,869
41,"Reactive dynamic analyzer",2021-04-14,2020-09-15,182,407,312
42,"Total homogeneous software",2021-11-06,2020-12-12,360,29,595
43,"Stand-alone asynchronous policy",2020-02-05,2021-08-15,466,76,151
44,"Operative client-server projection",2020-09-23,2020-04-16,194,345,796
45,"Cloned background analyzer",2020-08-26,2021-02-03,292,58,996
46,"Inverse foreground circuit",2021-05-09,2021-03-21,453,484,397
47,"Inverse full-range data-warehouse",2020-03-10,2020-05-14,32,466,221
48,"Exclusive client-driven parallelism",2020-05-02,2020-02-27,64,220,348
50,"Quality-focused upward-trending application",2021-03-26,2021-05-21,307,172,583
51,"Synergized heuristic extranet",2020-10-24,2021-01-08,145,171,253
53,"Future-proofed background interface",2021-11-02,2021-04-17,132,137,9
54,"Digitized incremental infrastructure",2020-04-12,2021-08-28,322,39,864
55,"Re-engineered attitude-oriented firmware",2020-06-30,2020-10-18,307,416,975
57,"Open-architected scalable hub",2020-02-08,2021-03-29,231,59,885
58,"Operative demand-driven hub",2021-02-25,2021-01-14,274,312,393
59,"Face to face content-based support",2020-06-11,2021-04-20,357,377,605
60,"Future-proofed needs-based local area network",2021-05-02,2020-09-29,487,346,68
61,"Function-based well-modulated methodology",2021-04-29,2020-06-01,341,326,694
62,"Integrated content-based model",2021-02-09,2020-02-24,165,157,112
63,"Monitored modular success",2021-02-07,2021-01-13,196,362,591
64,"Adaptive interactive focus group",2021-02-20,2021-02-02,380,401,359
65,"Enterprise-wide bi-directional productivity",2020-06-13,2020-05-22,428,148,461
66,"Ameliorated background customer loyalty",2021-09-08,2020-11-11,486,28,266
68,"Down-sized value-added website",2020-03-06,2021-09-29,471,287,183
70,"Managed bandwidth-monitored project",2021-08-05,2020-03-03,79,1,120
71,"Adaptive multi-tasking open system",2021-05-29,2021-07-16,439,71,395
72,"Balanced stable hierarchy",2020-05-31,2020-10-23,123,124,955
73,"Seamless coherent functionalities",2020-01-12,2021-09-23,366,307,305
74,"Ergonomic discrete local area network",2020-12-11,2021-06-21,413,252,83
75,"Enhanced didactic support",2021-02-20,2021-09-14,206,248,46
76,"Progressive mobile flexibility",2021-02-07,2021-11-08,99,252,404
77,"Triple-buffered heuristic encryption",2020-08-08,2020-07-29,338,392,722
78,"Multi-channelled hybrid data-warehouse",2020-02-02,2020-09-15,423,25,993
79,"Grass-roots bifurcated throughput",2020-01-25,2021-10-20,230,201,34
80,"Re-engineered client-server orchestration",2020-08-14,2020-07-29,137,182,224
81,"Implemented fault-tolerant adapter",2020-10-05,2021-03-27,474,168,101
82,"Re-contextualized discrete methodology",2020-06-06,2021-02-26,342,469,456
83,"Reduced dedicated algorithm",2021-01-13,2021-11-08,92,19,298
84,"Configurable explicit challenge",2020-01-21,2020-03-12,25,457,466
85,"Cloned upward-trending model",2021-03-04,2021-01-25,61,74,266
86,"Grass-roots methodical projection",2020-06-22,2021-05-12,362,341,176
87,"Robust systemic middleware",2021-06-10,2021-10-16,312,477,189
89,"Switchable executive instruction set",2021-11-08,2021-06-13,401,335,22
90,"Sharable eco-centric productivity",2020-07-03,2020-05-25,418,61,107
91,"Synergized tangible collaboration",2020-03-02,2021-03-01,399,495,518
92,"Grass-roots even-keeled contingency",2020-10-31,2020-03-27,308,398,302
93,"Multi-lateral content-based instruction set",2020-08-07,2020-10-09,270,108,31
94,"Centralized well-modulated approach",2020-07-13,2020-06-25,251,167,54
95,"Secured 3rd generation alliance",2020-03-12,2021-02-20,267,231,448
96,"Reactive static framework",2020-09-29,2021-06-29,461,217,932
97,"Upgradable clear-thinking matrices",2021-05-17,2021-01-11,139,388,28
98,"Face to face systematic architecture",2021-04-01,2020-09-14,94,479,553
99,"Intuitive even-keeled monitoring",2021-09-18,2021-11-04,393,9,369
100,"Programmable system-worthy alliance",2021-03-13,2020-07-19,350,309,20
101,"Integrated zero administration help-desk",2020-06-23,2021-02-07,425,195,660
102,"Grass-roots maximized installation",2020-09-24,2021-08-30,113,196,166
103,"Programmable multimedia alliance",2020-02-09,2020-08-15,73,301,446
104,"Pre-emptive discrete throughput",2020-10-05,2021-01-09,246,454,57
105,"Ameliorated intangible product",2021-05-21,2020-08-29,465,162,862
106,"Realigned intangible synergy",2020-06-21,2020-06-01,56,492,585
107,"Public-key explicit open architecture",2021-09-07,2020-06-05,391,153,174
108,"Optimized cohesive concept",2020-04-27,2021-06-22,123,346,203
109,"Customer-focused multimedia analyzer",2020-11-07,2020-06-29,76,459,401
110,"Digitized intangible time-frame",2020-08-09,2020-08-07,450,264,150
111,"Seamless maximized model",2021-08-13,2021-06-07,410,115,140
112,"Reverse-engineered full-range parallelism",2020-08-16,2020-05-07,226,217,121
114,"Assimilated 24/7 moratorium",2020-05-25,2021-03-11,270,435,366
115,"Cross-platform high-level firmware",2020-08-18,2021-09-15,453,186,147
116,"Horizontal cohesive policy",2020-07-17,2020-05-23,142,67,326
117,"Upgradable content-based concept",2021-09-17,2021-06-22,108,259,917
118,"Down-sized motivating benchmark",2020-06-19,2021-05-02,247,98,352
119,"Exclusive dedicated groupware",2020-01-09,2020-04-21,250,5,59
120,"Pre-emptive web-enabled middleware",2021-01-22,2021-04-11,237,86,868
121,"Synergistic explicit process improvement",2021-09-09,2020-11-22,9,404,756
122,"Re-engineered asynchronous parallelism",2021-03-25,2020-06-08,360,55,947
123,"Expanded empowering alliance",2021-08-28,2020-10-23,494,162,718
124,"Implemented coherent knowledge user",2021-11-11,2020-03-13,412,382,154
125,"Up-sized optimal infrastructure",2021-06-06,2021-06-13,493,153,767
126,"Down-sized reciprocal data-warehouse",2020-01-19,2020-06-09,347,471,815
127,"Customer-focused dynamic ability",2020-10-26,2021-02-17,443,287,736
128,"Distributed holistic core",2020-05-29,2021-10-17,142,313,257
129,"Operative fault-tolerant knowledge user",2021-01-09,2021-02-11,119,68,557
130,"Multi-tiered grid-enabled customer loyalty",2021-02-09,2020-04-17,303,397,622
131,"Self-enabling responsive focus group",2020-12-15,2020-09-19,155,121,750
132,"Proactive bottom-line structure",2020-06-04,2020-11-17,160,6,941
133,"Reduced well-modulated framework",2021-06-02,2020-05-31,265,82,499
134,"Reverse-engineered attitude-oriented strategy",2020-06-13,2021-05-01,65,314,386
135,"Cloned 4th generation instruction set",2021-07-20,2020-08-13,192,416,940
136,"Optimized zero administration standardization",2021-11-02,2021-04-08,474,366,710
137,"Synchronised disintermediate task-force",2020-02-21,2021-09-20,482,299,169
138,"Decentralized 3rd generation productivity",2021-08-05,2020-06-13,447,271,810
139,"Centralized cohesive implementation",2020-04-15,2020-09-19,433,365,676
140,"Down-sized multi-tasking implementation",2020-02-09,2021-09-26,45,92,123
141,"Compatible scalable productivity",2021-05-31,2021-10-27,355,136,38
142,"Digitized grid-enabled ability",2021-06-07,2020-03-20,461,66,160
144,"Reduced 6th generation emulation",2021-06-27,2020-09-01,473,74,391
145,"Adaptive intangible pricing structure",2021-11-03,2021-06-13,320,148,594
146,"Customer-focused 24 hour monitoring",2021-10-08,2020-03-20,120,177,198
147,"Public-key high-level knowledge base",2021-02-27,2021-08-26,426,294,305
148,"Centralized local artificial intelligence",2020-06-19,2021-04-12,147,184,571
149,"Multi-tiered mission-critical frame",2021-09-19,2021-08-19,116,255,564
150,"Automated holistic implementation",2020-10-08,2021-03-29,273,214,707
151,"Multi-lateral web-enabled paradigm",2021-05-19,2021-09-08,160,186,906
152,"Networked 5th generation moderator",2021-10-02,2021-03-24,136,261,702
153,"Streamlined high-level internet solution",2021-08-21,2021-06-16,69,273,88
154,"Reduced regional frame",2021-06-20,2021-05-27,190,84,476
155,"Down-sized cohesive product",2020-10-09,2020-05-25,478,201,71
156,"Cloned client-driven ability",2021-02-04,2021-07-01,497,117,977
157,"Streamlined cohesive model",2020-12-27,2021-06-30,66,234,498
158,"Self-enabling responsive definition",2020-02-02,2021-07-06,325,43,261
159,"Virtual context-sensitive help-desk",2021-05-14,2021-08-20,483,167,702
160,"Adaptive multimedia definition",2020-06-05,2021-04-16,119,8,534
161,"Ergonomic optimal parallelism",2020-02-27,2020-12-16,158,82,177
162,"Reverse-engineered secondary implementation",2020-09-05,2020-07-09,475,377,69
163,"Implemented multi-state methodology",2020-07-12,2020-10-05,382,308,524
164,"Pre-emptive eco-centric attitude",2020-01-26,2021-05-21,179,13,866
165,"Profit-focused directional functionalities",2020-04-13,2021-01-30,463,165,248
166,"Front-line zero defect framework",2021-03-21,2020-12-17,26,68,495
167,"Customer-focused systemic circuit",2020-03-17,2021-04-26,200,18,413
168,"Re-engineered reciprocal concept",2020-04-26,2020-04-30,265,434,951
169,"Optional regional function",2020-10-16,2020-06-16,86,398,537
170,"Customer-focused solution-oriented concept",2020-11-01,2021-09-21,160,35,908
171,"Switchable radical paradigm",2021-05-01,2021-05-20,346,117,534
172,"Public-key multimedia contingency",2020-01-30,2021-10-07,133,286,137
173,"Centralized scalable ability",2020-11-05,2021-02-07,199,460,443
174,"Universal systematic success",2020-05-09,2020-11-09,470,83,241
175,"Balanced empowering capacity",2020-11-07,2020-03-18,297,126,198
176,"Enterprise-wide modular emulation",2021-11-09,2020-07-22,5,128,615
177,"Face to face composite protocol",2020-05-13,2021-01-27,50,161,82
178,"Intuitive tangible migration",2020-08-25,2021-08-23,296,184,313
179,"Open-architected value-added infrastructure",2020-01-23,2021-09-02,175,222,812
180,"Innovative systematic attitude",2021-09-27,2021-07-28,279,459,213
181,"Persistent empowering process improvement",2021-01-17,2021-04-20,80,407,758
182,"Digitized transitional application",2021-09-17,2021-10-24,392,5,747
183,"Automated interactive middleware",2020-04-10,2021-04-24,55,461,553
184,"Face to face analyzing orchestration",2020-04-06,2020-07-03,4,353,715
185,"Progressive content-based moratorium",2020-06-09,2020-04-18,18,462,965
186,"Open-architected encompassing circuit",2020-05-21,2021-07-05,96,52,438
187,"Managed interactive hub",2020-01-28,2021-09-04,160,483,18
188,"Profit-focused leading edge concept",2021-02-20,2021-11-04,97,135,793
189,"Self-enabling tangible analyzer",2020-12-12,2020-06-09,86,368,273
190,"Mandatory value-added infrastructure",2020-11-26,2021-10-09,396,403,512
191,"Realigned multi-tasking utilisation",2020-12-13,2021-04-01,361,354,614
192,"Decentralized bi-directional framework",2021-10-31,2021-06-08,423,70,526
193,"Automated full-range matrices",2020-04-16,2021-10-25,288,165,630
194,"Assimilated client-driven hardware",2021-02-12,2020-06-07,101,304,554
195,"Self-enabling full-range initiative",2021-07-23,2021-01-13,428,350,483
196,"Realigned modular benchmark",2021-05-02,2020-06-06,119,327,654
197,"Profit-focused fault-tolerant infrastructure",2020-02-12,2020-07-26,152,390,838
198,"Enterprise-wide coherent capability",2020-07-21,2020-09-07,120,183,342
199,"Mandatory client-server analyzer",2020-09-08,2020-02-21,100,236,617
200,"Cloned 5th generation implementation",2021-06-28,2020-07-13,392,2,992
201,"Fully-configurable tertiary flexibility",2020-06-28,2021-11-01,416,422,348
202,"Robust systemic archive",2020-11-03,2021-10-13,136,123,114
203,"Front-line zero administration alliance",2021-07-13,2021-04-24,153,371,283
204,"Innovative regional process improvement",2021-01-03,2020-12-08,19,154,81
205,"Open-architected even-keeled encoding",2020-06-21,2021-10-28,370,141,258
206,"Open-architected composite circuit",2021-07-01,2020-08-24,238,82,357
207,"Intuitive intangible array",2020-10-13,2020-05-21,164,289,842
208,"Object-based context-sensitive interface",2020-08-09,2021-07-11,40,353,93
209,"Horizontal context-sensitive flexibility",2020-10-29,2020-04-04,279,55,200
210,"Ergonomic global framework",2020-11-24,2020-10-03,315,3,669
211,"User-centric foreground model",2021-01-06,2021-04-10,381,490,137
212,"Right-sized contextually-based collaboration",2021-04-20,2020-06-06,253,139,937
213,"Open-source impactful attitude",2020-08-01,2020-04-10,461,490,54
214,"Adaptive real-time budgetary management",2020-03-03,2021-10-30,119,195,283
215,"User-friendly neutral service-desk",2020-03-27,2021-05-20,406,260,493
216,"Organic leading edge budgetary management",2020-03-31,2020-09-01,460,451,660
217,"Optional multimedia Graphical User Interface",2021-03-09,2021-01-16,95,95,837
218,"Grass-roots leading edge system engine",2020-04-09,2020-11-10,198,125,298
219,"Pre-emptive neutral success",2021-08-03,2021-09-15,485,264,336
220,"Enterprise-wide optimal application",2021-05-04,2021-01-24,336,250,482
221,"Customer-focused uniform product",2020-05-18,2021-04-26,359,97,347
222,"Multi-layered system-worthy workforce",2021-08-15,2020-10-22,449,266,739
223,"Secured high-level secured line",2020-09-04,2020-08-14,312,317,830
224,"Vision-oriented dedicated service-desk",2021-04-12,2021-05-16,375,293,517
225,"Cross-group tertiary superstructure",2020-03-13,2020-11-07,459,486,280
226,"Organized incremental core",2021-01-16,2020-08-24,260,478,163
227,"Proactive local Graphic Interface",2020-12-06,2020-02-17,9,73,735
228,"Adaptive contextually-based application",2021-03-04,2021-01-09,235,123,740
229,"Optimized heuristic leverage",2021-04-09,2020-07-23,288,380,620
230,"Down-sized exuding product",2020-11-06,2020-05-23,174,112,32
231,"Decentralized zero tolerance encoding",2021-01-03,2021-10-05,216,197,618
232,"Right-sized radical firmware",2021-11-07,2020-04-12,137,378,701
234,"Profit-focused even-keeled data-warehouse",2020-01-11,2020-08-21,47,355,475
235,"Managed next generation infrastructure",2020-03-24,2020-10-26,19,92,793
236,"Fully-configurable impactful hierarchy",2020-07-29,2020-08-31,432,364,414
237,"Diverse bottom-line methodology",2020-02-06,2020-09-10,214,124,73
238,"Networked cohesive middleware",2021-01-11,2020-07-19,51,89,156
239,"Inverse maximized installation",2021-04-08,2020-09-14,392,279,827
240,"Public-key didactic Graphical User Interface",2021-06-21,2021-09-19,178,458,795
241,"Open-architected 4th generation capacity",2020-11-03,2021-08-09,225,7,34
242,"Fully-configurable upward-trending database",2021-06-12,2020-07-18,198,144,490
243,"Universal user-facing alliance",2021-01-06,2021-08-26,186,428,155
244,"Persevering didactic benchmark",2021-04-27,2021-05-09,370,375,724
245,"Compatible system-worthy software",2020-02-17,2020-09-17,299,454,514
246,"Public-key contextually-based solution",2021-01-01,2020-07-19,311,468,893
247,"Secured mission-critical encoding",2021-04-04,2021-08-13,409,290,114
248,"Upgradable tertiary project",2021-02-02,2021-05-30,471,335,366
249,"Re-contextualized asymmetric database",2020-01-15,2020-07-26,452,75,997
250,"Centralized neutral open system",2020-01-17,2020-12-20,10,420,567
251,"Extended analyzing collaboration",2020-07-27,2020-10-28,85,167,998
252,"Advanced upward-trending customer loyalty",2020-04-30,2021-04-30,389,392,362
253,"Compatible solution-oriented emulation",2020-06-23,2021-10-13,183,301,174
254,"Triple-buffered client-driven encryption",2020-09-05,2021-02-07,360,384,998
255,"Multi-layered analyzing complexity",2020-03-18,2020-03-23,245,335,706
256,"Progressive optimizing collaboration",2021-10-04,2020-12-19,158,283,587
257,"Profit-focused composite database",2020-10-27,2021-07-21,150,287,632
258,"Expanded reciprocal core",2020-06-18,2021-02-23,386,315,570
259,"Reverse-engineered heuristic product",2021-05-22,2021-08-22,163,256,714
260,"Organic zero defect superstructure",2020-12-31,2020-06-03,69,43,16
261,"Distributed scalable groupware",2021-04-04,2020-06-20,239,314,634
262,"Optimized neutral solution",2020-04-07,2021-08-15,416,160,651
263,"Re-contextualized clear-thinking time-frame",2021-09-11,2021-03-22,160,252,547
264,"Universal global knowledge user",2020-04-25,2021-06-05,83,252,581
265,"Focused neutral secured line",2021-01-13,2021-04-30,64,475,999
266,"Face to face zero tolerance standardization",2021-07-03,2021-03-13,349,352,585
267,"Realigned asymmetric complexity",2021-09-19,2021-05-09,285,261,347
268,"Diverse directional function",2020-02-22,2021-02-04,140,496,133
269,"Synchronised 5th generation knowledge base",2021-02-07,2020-11-28,141,482,165
270,"Digitized multi-tasking moderator",2020-11-26,2021-07-09,240,82,942
271,"Persistent reciprocal benchmark",2020-07-13,2020-03-05,476,223,133
272,"Phased disintermediate challenge",2020-10-28,2020-06-18,379,435,624
273,"Reduced 3rd generation application",2021-01-19,2021-03-03,119,461,805
274,"Re-contextualized coherent customer loyalty",2021-02-04,2021-11-02,402,21,369
275,"Reactive bi-directional open system",2021-03-24,2021-10-07,216,270,88
276,"Synergized non-volatile contingency",2021-02-26,2021-10-31,139,92,159
277,"Optional solution-oriented frame",2020-09-26,2021-09-10,117,37,129
278,"Cloned radical benchmark",2020-09-21,2021-03-04,148,489,293
279,"Pre-emptive zero administration moderator",2021-01-08,2020-05-07,32,210,938
280,"Synchronised interactive standardization",2020-06-02,2020-06-13,360,369,19
281,"Advanced tangible throughput",2020-03-23,2021-08-10,256,109,309
282,"Mandatory multimedia complexity",2020-12-01,2021-01-14,233,435,197
283,"Expanded local info-mediaries",2021-05-24,2020-06-19,1,105,292
284,"Upgradable 6th generation hardware",2020-07-23,2021-02-12,189,154,3
285,"Fully-configurable value-added migration",2020-07-06,2020-08-27,2,412,721
286,"Reverse-engineered value-added structure",2020-07-31,2021-04-27,248,476,99
287,"Progressive zero tolerance firmware",2020-01-21,2021-10-13,35,57,557
288,"Ergonomic holistic application",2020-10-31,2021-06-28,275,209,778
289,"Profit-focused static conglomeration",2021-09-30,2021-03-14,75,164,675
290,"Grass-roots optimizing capacity",2020-11-26,2021-06-12,361,105,501
291,"Cloned high-level website",2020-11-10,2020-08-04,398,131,737
292,"Synchronised multimedia contingency",2020-04-04,2021-08-08,305,447,516
293,"Ergonomic asymmetric model",2020-03-14,2021-04-02,270,130,321
294,"Stand-alone regional synergy",2020-11-03,2020-02-20,27,446,1
295,"Innovative 4th generation throughput",2020-09-05,2021-08-04,376,115,98
296,"Innovative 4th generation contingency",2021-10-07,2021-07-07,188,181,192
297,"Function-based empowering superstructure",2021-09-28,2020-03-16,183,394,518
298,"Team-oriented fault-tolerant firmware",2021-09-15,2021-10-25,289,483,593
299,"Automated value-added throughput",2021-01-30,2020-04-14,453,368,968
300,"Organic foreground hardware",2020-06-22,2021-07-18,33,91,304
301,"Virtual bottom-line process improvement",2020-02-27,2021-11-03,113,114,733
302,"Optional disintermediate functionalities",2020-12-24,2020-11-10,349,151,204
303,"Phased methodical moratorium",2020-07-02,2020-05-30,481,190,146
304,"Ameliorated value-added infrastructure",2020-02-22,2020-04-25,207,223,449
305,"Quality-focused uniform system engine",2020-03-08,2020-02-11,479,455,413
306,"Future-proofed analyzing challenge",2020-03-15,2021-09-29,85,113,771
307,"Cross-group scalable extranet",2020-10-23,2020-03-01,203,5,580
308,"Right-sized multi-tasking concept",2021-04-12,2021-07-31,58,158,472
309,"Assimilated coherent benchmark",2020-04-27,2021-05-30,25,432,890
310,"Virtual exuding core",2020-06-10,2021-09-02,294,314,865
311,"Ameliorated 24/7 info-mediaries",2020-09-28,2021-02-28,500,223,655
312,"Proactive encompassing attitude",2021-04-14,2021-07-15,218,143,343
313,"Profit-focused methodical moderator",2021-08-06,2020-10-23,390,151,759
314,"Operative user-facing database",2021-05-07,2021-02-05,423,427,492
315,"Multi-layered coherent circuit",2021-04-04,2020-06-06,327,469,916
316,"Right-sized maximized artificial intelligence",2020-06-03,2020-11-20,349,453,853
317,"Synergistic multimedia attitude",2021-05-15,2021-09-11,90,107,829
318,"Synergistic empowering access",2020-08-16,2020-05-23,183,166,778
319,"Seamless actuating process improvement",2021-07-04,2021-09-15,218,418,883
320,"Switchable well-modulated software",2021-08-02,2020-04-06,366,33,519
321,"Organic client-server neural-net",2021-03-03,2020-11-27,205,294,479
322,"Profit-focused optimal architecture",2020-08-14,2021-05-06,43,123,878
323,"Sharable neutral model",2020-01-14,2020-05-12,470,309,401
324,"Future-proofed stable success",2020-09-02,2020-05-07,397,288,236
326,"Integrated motivating installation",2021-02-12,2020-07-24,196,497,374
327,"Monitored high-level structure",2020-09-08,2021-07-29,123,450,305
328,"Focused homogeneous internet solution",2020-11-02,2020-03-12,458,326,458
329,"Quality-focused bandwidth-monitored firmware",2021-02-11,2021-04-13,256,425,12
330,"Fundamental impactful neural-net",2021-02-25,2020-04-13,491,367,458
331,"Right-sized fault-tolerant encryption",2021-07-14,2021-08-08,469,240,812
332,"Assimilated executive function",2021-02-12,2021-03-07,53,481,279
333,"Secured system-worthy initiative",2020-09-25,2020-06-15,123,410,679
334,"Automated tertiary functionalities",2021-11-01,2020-05-19,232,482,435
335,"Monitored multi-state functionalities",2021-05-05,2020-11-23,431,142,748
336,"Optimized bottom-line solution",2020-12-20,2021-06-27,366,439,85
337,"Face to face well-modulated alliance",2021-03-08,2020-03-05,284,75,23
338,"Diverse secondary orchestration",2021-10-17,2020-06-22,20,387,390
339,"Integrated bi-directional contingency",2021-08-13,2020-02-26,180,316,191
340,"Function-based coherent collaboration",2021-04-30,2020-10-11,161,79,163
341,"Re-engineered analyzing application",2020-06-10,2020-04-17,122,342,983
342,"Face to face disintermediate core",2020-05-30,2021-07-27,19,231,424
343,"De-engineered needs-based task-force",2021-03-27,2020-12-12,28,34,3
344,"Versatile zero tolerance local area network",2020-12-29,2020-11-14,498,36,8
345,"Distributed bifurcated task-force",2020-11-17,2020-03-31,125,493,638
346,"Grass-roots local portal",2020-10-01,2020-07-30,160,171,559
347,"Cloned tertiary service-desk",2020-03-28,2020-11-06,195,44,449
348,"Profound incremental success",2021-06-15,2021-08-21,139,58,815
349,"Triple-buffered empowering time-frame",2020-05-28,2021-01-01,116,145,694
350,"Open-source impactful knowledge user",2021-10-09,2020-08-23,287,64,300
351,"Centralized maximized analyzer",2021-06-13,2020-06-02,373,52,905
352,"Object-based leading edge flexibility",2020-06-03,2021-04-02,299,42,541
353,"Up-sized analyzing moratorium",2020-05-11,2021-11-05,153,9,112
354,"Synchronised logistical migration",2020-12-28,2020-09-17,82,32,690
355,"Triple-buffered non-volatile functionalities",2020-11-15,2020-02-18,398,30,829
356,"Triple-buffered bi-directional ability",2020-06-06,2020-12-14,371,312,334
357,"Profit-focused solution-oriented hub",2020-03-09,2020-12-12,333,154,675
358,"Enhanced methodical matrix",2020-04-15,2021-08-08,244,262,398
359,"Realigned high-level productivity",2020-12-12,2021-05-02,420,302,359
360,"Organized system-worthy process improvement",2020-01-08,2021-03-19,357,124,494
361,"Focused scalable capacity",2020-06-12,2020-05-21,160,477,600
362,"Networked grid-enabled software",2020-12-11,2021-10-19,51,167,413
363,"Reduced interactive ability",2021-06-17,2021-06-16,199,117,632
364,"Re-contextualized system-worthy matrices",2020-11-01,2020-08-16,454,480,878
365,"Pre-emptive empowering support",2021-10-20,2020-09-04,206,313,340
366,"Optional maximized matrices",2020-08-22,2021-01-02,67,339,870
367,"Expanded multi-state framework",2020-12-29,2021-10-27,58,208,743
368,"Customizable 6th generation analyzer",2020-03-12,2021-05-03,293,20,9
369,"De-engineered intangible hardware",2020-01-18,2021-04-30,416,51,668
370,"Advanced radical algorithm",2021-06-01,2021-04-14,470,29,848
371,"Proactive user-facing encryption",2020-09-06,2020-03-07,307,423,587
372,"Business-focused grid-enabled adapter",2020-03-09,2020-05-11,418,245,564
373,"Extended disintermediate matrix",2020-07-21,2020-06-02,168,372,204
374,"Right-sized composite collaboration",2021-02-14,2020-08-26,396,365,750
375,"Right-sized multi-state product",2020-05-15,2021-03-25,390,430,401
376,"Business-focused foreground paradigm",2021-03-03,2020-07-24,206,471,465
377,"Integrated background support",2021-06-09,2020-03-22,367,312,26
379,"Persistent non-volatile intranet",2021-08-12,2021-10-27,282,250,579
380,"Automated tertiary process improvement",2020-03-08,2021-04-24,391,247,810
381,"User-centric solution-oriented support",2021-08-18,2020-12-14,167,367,126
382,"Right-sized eco-centric product",2021-07-23,2021-03-02,58,46,545
384,"Networked static initiative",2020-08-01,2021-10-11,291,340,857
385,"Advanced dedicated attitude",2020-05-20,2020-07-18,9,449,975
386,"Multi-channelled exuding alliance",2020-02-19,2020-04-16,53,50,3
387,"Fully-configurable regional ability",2021-02-03,2021-06-14,491,93,820
388,"Ergonomic coherent challenge",2020-10-05,2020-04-21,109,216,603
389,"Operative disintermediate infrastructure",2020-08-16,2021-01-03,257,189,467
390,"Business-focused client-server knowledge base",2020-06-03,2021-01-28,356,85,202
391,"Organic fresh-thinking neural-net",2020-03-12,2021-06-03,240,74,305
392,"Future-proofed holistic definition",2021-09-29,2021-04-14,159,148,630
393,"Optimized even-keeled data-warehouse",2020-03-22,2020-07-12,139,24,672
394,"Extended system-worthy framework",2020-07-24,2020-06-19,139,18,190
395,"Extended zero tolerance algorithm",2020-09-22,2020-04-14,76,396,599
396,"Function-based 6th generation array",2020-03-01,2020-11-03,441,337,396
397,"Organized background utilisation",2020-09-21,2021-02-19,391,80,925
398,"Re-engineered logistical collaboration",2021-04-27,2020-10-10,188,396,789
399,"Pre-emptive bottom-line archive",2020-10-10,2020-07-19,325,280,706
400,"Profound composite instruction set",2021-02-13,2021-04-14,62,372,595
401,"Managed uniform focus group",2020-08-17,2020-07-07,302,111,707
402,"Devolved system-worthy analyzer",2020-09-16,2021-03-08,487,115,359
403,"Cross-platform radical interface",2020-12-03,2020-03-07,261,339,467
404,"Organized contextually-based open system",2020-07-14,2020-10-12,172,332,848
405,"Adaptive actuating customer loyalty",2021-08-27,2021-07-09,340,391,63
406,"Re-contextualized scalable solution",2021-02-17,2020-09-05,435,321,656
407,"Grass-roots scalable service-desk",2020-04-26,2021-02-05,86,132,132
409,"Universal multi-tasking extranet",2021-10-20,2020-12-07,48,113,81
410,"Universal human-resource collaboration",2020-01-11,2020-06-11,259,187,799
411,"Organic executive circuit",2020-09-20,2021-03-19,311,308,872
412,"Polarised multi-tasking functionalities",2021-01-23,2020-05-24,201,143,184
413,"Digitized uniform toolset",2021-05-28,2020-02-15,314,460,685
414,"Persevering 3rd generation projection",2021-06-07,2020-03-05,123,207,122
415,"User-centric mission-critical archive",2021-05-19,2021-05-04,358,3,405
416,"Integrated incremental process improvement",2020-07-06,2021-01-01,171,102,363
417,"Seamless zero administration synergy",2021-05-29,2021-09-06,95,36,839
418,"Monitored exuding artificial intelligence",2021-10-26,2021-09-11,408,1,918
419,"Customizable multi-tasking model",2020-07-14,2020-03-21,234,434,603
420,"Ergonomic motivating core",2021-04-14,2021-06-28,77,232,825
421,"Quality-focused high-level protocol",2020-05-27,2021-05-02,425,64,80
422,"Open-architected dedicated secured line",2020-08-03,2021-08-20,458,152,293
423,"Optimized uniform projection",2021-01-03,2020-08-19,162,452,501
424,"Mandatory bifurcated database",2021-07-14,2020-04-17,38,250,852
425,"Front-line methodical capability",2020-08-31,2021-06-03,3,81,608
426,"Balanced value-added knowledge user",2020-05-23,2021-07-31,197,116,32
427,"Streamlined multimedia middleware",2021-09-27,2020-12-04,178,477,392
429,"Programmable heuristic data-warehouse",2021-05-09,2020-12-06,31,379,671
430,"Assimilated modular customer loyalty",2020-06-22,2021-09-20,167,437,441
431,"Persevering asynchronous open system",2020-03-30,2021-09-16,428,421,470
432,"Managed interactive leverage",2021-02-20,2021-10-16,451,406,927
433,"Synergistic bifurcated migration",2020-11-11,2020-04-30,494,13,505
434,"Self-enabling homogeneous superstructure",2020-06-28,2021-04-11,399,15,483
435,"Reduced static synergy",2020-06-09,2020-09-21,460,492,886
436,"Balanced even-keeled product",2020-04-02,2021-06-29,373,323,6
437,"Enterprise-wide 4th generation policy",2021-07-31,2020-11-01,396,300,803
438,"Phased high-level contingency",2020-02-04,2021-09-07,172,1,156
439,"User-friendly real-time frame",2021-09-08,2020-07-30,332,357,566
440,"Cross-platform heuristic service-desk",2020-05-08,2020-03-01,122,344,479
441,"Public-key national extranet",2021-09-18,2021-01-14,212,499,113
442,"Proactive multi-state portal",2021-05-01,2020-11-27,34,5,244
444,"Up-sized contextually-based orchestration",2020-04-24,2020-10-02,473,205,115
445,"Realigned secondary info-mediaries",2020-03-16,2020-09-19,412,416,272
446,"Grass-roots stable collaboration",2020-12-23,2021-04-16,375,454,862
447,"Multi-lateral fault-tolerant portal",2020-08-22,2020-05-10,222,262,243
448,"Enterprise-wide executive framework",2020-05-04,2021-03-26,55,326,648
450,"Vision-oriented maximized utilisation",2020-11-02,2021-07-12,160,198,249
451,"Right-sized human-resource knowledge user",2020-06-28,2021-01-07,244,151,785
452,"Programmable value-added firmware",2020-11-22,2020-03-16,462,123,980
453,"Profit-focused static internet solution",2020-11-08,2020-09-23,424,277,645
454,"Devolved contextually-based knowledge user",2021-03-03,2021-08-06,271,351,680
455,"Synchronised heuristic flexibility",2020-05-03,2021-03-14,156,209,37
456,"Diverse 24 hour secured line",2020-06-12,2020-07-18,215,115,881
457,"Optional asymmetric forecast",2020-08-13,2021-07-27,452,99,998
458,"Multi-layered needs-based standardization",2020-02-10,2020-11-14,231,12,577
459,"Digitized contextually-based core",2021-05-29,2021-09-02,107,109,412
460,"Seamless eco-centric standardization",2021-07-20,2021-04-27,64,249,532
461,"Adaptive context-sensitive circuit",2021-08-09,2020-03-13,179,358,866
462,"Focused context-sensitive protocol",2020-01-10,2020-03-23,71,38,438
463,"Inverse multi-tasking system engine",2020-01-11,2020-05-13,206,387,178
464,"Persevering system-worthy matrices",2021-02-08,2021-08-21,20,20,754
465,"Operative leading edge internet solution",2020-09-02,2021-01-17,480,243,256
466,"Stand-alone dynamic emulation",2021-09-22,2020-11-07,387,133,957
467,"Focused multimedia toolset",2021-04-03,2020-12-29,215,105,631
468,"Re-engineered holistic open architecture",2021-11-12,2021-01-14,109,246,369
469,"Compatible bandwidth-monitored synergy",2021-01-24,2021-02-04,286,244,167
470,"Expanded neutral model",2021-07-06,2021-09-20,6,140,846
472,"Distributed logistical complexity",2020-05-22,2021-10-29,215,366,709
473,"Ameliorated composite system engine",2021-05-17,2021-07-06,210,44,533
474,"Self-enabling hybrid hub",2020-11-02,2021-05-13,17,321,641
475,"Open-source clear-thinking flexibility",2020-01-17,2020-05-01,144,192,798
476,"Configurable directional array",2020-04-05,2021-01-11,498,465,711
477,"Business-focused responsive pricing structure",2020-11-26,2020-10-17,283,181,468
478,"Sharable bandwidth-monitored implementation",2020-05-20,2020-05-24,291,468,215
479,"Right-sized bottom-line success",2020-08-03,2021-10-17,201,310,62
480,"Universal bottom-line projection",2020-01-14,2020-10-31,434,171,434
481,"Digitized transitional protocol",2021-10-25,2021-07-02,444,466,261
482,"Innovative methodical system engine",2021-06-27,2020-08-26,493,27,611
483,"Proactive leading edge matrices",2020-03-28,2020-08-04,32,99,747
484,"Quality-focused directional collaboration",2020-08-12,2020-11-03,2,253,142
485,"Optional cohesive Graphic Interface",2020-12-10,2020-08-22,317,66,908
486,"Fundamental 6th generation groupware",2020-08-26,2021-01-31,152,336,887
487,"Synergized foreground data-warehouse",2020-10-06,2021-03-07,84,165,364
488,"Phased upward-trending focus group",2021-05-25,2020-03-04,221,470,610
489,"Extended national paradigm",2020-02-26,2021-01-03,235,162,953
490,"Progressive executive installation",2020-12-28,2021-08-26,296,385,862
491,"Synergized systematic definition",2020-11-01,2021-02-05,327,496,248
492,"Integrated grid-enabled policy",2021-02-02,2020-04-10,495,150,601
493,"Proactive homogeneous archive",2020-06-13,2020-03-18,463,164,199
494,"Streamlined real-time software",2020-03-31,2021-10-09,298,385,899
495,"Multi-layered solution-oriented product",2020-08-12,2020-12-14,343,14,704
496,"Reduced heuristic Graphical User Interface",2021-05-08,2020-12-25,13,94,7
497,"Optional grid-enabled hub",2020-08-30,2020-05-06,403,479,608
498,"Down-sized tertiary policy",2020-10-14,2021-03-10,191,204,496
499,"Phased human-resource service-desk",2020-08-28,2021-09-02,481,366,418
500,"Multi-layered methodical approach",2021-02-05,2021-08-13,380,284,198
501,"Compatible national project",2021-02-25,2021-07-17,357,88,534
502,"Networked transitional array",2020-07-07,2020-02-17,395,403,322
503,"Triple-buffered client-driven help-desk",2020-04-20,2020-03-08,210,460,143
505,"Ameliorated 24/7 pricing structure",2020-08-18,2021-07-25,288,263,641
506,"Multi-channelled national archive",2021-04-18,2021-05-28,42,485,722
507,"Open-architected systematic neural-net",2021-06-21,2020-06-30,272,90,208
508,"Robust logistical concept",2021-07-28,2021-10-22,69,207,40
509,"Triple-buffered user-facing benchmark",2020-06-19,2021-08-05,175,395,399
510,"Organic secondary parallelism",2021-01-02,2021-10-09,355,298,388
511,"Down-sized holistic moderator",2020-05-25,2020-08-07,76,365,853
512,"Reverse-engineered logistical matrix",2020-09-08,2021-08-22,248,472,234
513,"Right-sized needs-based installation",2021-08-06,2021-07-06,438,491,197
514,"Enhanced fault-tolerant open system",2021-04-13,2020-04-15,119,268,657
515,"Focused human-resource solution",2020-09-07,2021-04-29,130,295,918
516,"User-friendly bandwidth-monitored array",2020-10-25,2020-12-19,66,103,758
517,"Monitored next generation local area network",2021-10-26,2020-11-17,164,493,312
518,"Polarised context-sensitive projection",2020-09-12,2020-12-28,90,232,676
519,"Virtual web-enabled Graphic Interface",2020-07-15,2021-01-15,123,382,529
520,"Future-proofed optimal protocol",2021-09-25,2020-03-06,23,158,889
521,"Optional executive success",2021-01-16,2021-07-25,364,345,209
522,"Persistent client-driven utilisation",2021-01-04,2020-12-02,378,457,817
523,"Customer-focused intangible solution",2021-09-09,2020-06-04,178,105,605
524,"Integrated upward-trending capacity",2020-01-27,2020-07-27,214,425,958
525,"Ergonomic explicit concept",2020-07-29,2021-08-31,88,296,855
526,"Decentralized bi-directional info-mediaries",2021-06-10,2020-07-10,407,200,862
527,"De-engineered human-resource product",2021-08-04,2021-08-01,223,488,243
528,"Balanced high-level core",2020-07-08,2020-05-11,10,17,195
529,"Reactive human-resource challenge",2021-08-18,2021-05-26,466,267,401
530,"Right-sized even-keeled attitude",2021-11-04,2021-07-09,126,289,229
531,"Multi-channelled hybrid knowledge user",2020-06-10,2020-10-19,329,398,276
532,"Re-contextualized bi-directional adapter",2021-01-08,2021-05-16,297,278,151
533,"Mandatory executive interface",2021-02-02,2021-06-12,62,432,110
534,"Integrated next generation superstructure",2021-08-16,2020-05-25,118,221,695
535,"Implemented empowering superstructure",2020-02-09,2020-03-22,406,222,44
536,"Realigned homogeneous migration",2021-02-18,2021-08-05,17,90,30
537,"Programmable demand-driven groupware",2020-12-31,2020-04-27,445,473,73
538,"Reactive composite matrix",2021-11-11,2020-11-24,175,292,366
539,"Fundamental encompassing benchmark",2021-05-04,2021-03-09,292,231,687
540,"Re-engineered holistic implementation",2021-09-08,2020-08-31,170,248,476
541,"Team-oriented logistical time-frame",2020-12-21,2021-10-20,396,399,249
542,"Focused bandwidth-monitored policy",2020-11-30,2020-04-05,183,28,737
543,"Mandatory discrete artificial intelligence",2021-04-21,2020-04-16,320,285,444
544,"Front-line methodical attitude",2021-03-12,2021-03-20,363,98,277
545,"Re-engineered system-worthy infrastructure",2020-06-14,2020-04-06,396,331,552
546,"Triple-buffered user-facing function",2021-06-09,2021-01-12,109,120,822
547,"Secured dynamic attitude",2021-09-03,2020-08-23,401,59,502
548,"Up-sized motivating hub",2020-11-12,2021-04-12,136,333,430
549,"Decentralized user-facing hub",2020-01-31,2020-12-27,489,217,391
550,"Multi-layered client-server productivity",2021-03-25,2021-06-14,470,188,242
551,"Balanced hybrid adapter",2021-04-11,2021-03-04,92,406,180
552,"Implemented fresh-thinking throughput",2021-05-24,2021-11-02,459,217,124
553,"Balanced national alliance",2020-05-08,2021-06-08,426,214,741
554,"Cross-platform explicit complexity",2021-05-16,2021-03-05,255,482,587
555,"Triple-buffered systematic interface",2020-04-12,2020-05-21,311,163,554
557,"Re-contextualized client-driven capability",2020-11-15,2020-07-24,301,272,923
558,"De-engineered heuristic instruction set",2020-06-26,2020-05-09,493,37,597
559,"Future-proofed cohesive core",2021-03-03,2021-06-18,437,497,119
560,"Switchable global knowledge user",2020-04-22,2020-09-14,439,257,582
561,"Multi-lateral scalable definition",2021-07-04,2020-04-29,20,364,537
562,"Versatile incremental customer loyalty",2020-03-12,2021-07-03,440,468,199
563,"Versatile impactful challenge",2020-12-28,2020-06-14,472,496,339
564,"Front-line 24 hour instruction set",2021-06-29,2021-07-18,196,256,414
565,"Diverse uniform standardization",2021-04-16,2021-08-21,444,257,179
566,"Team-oriented object-oriented service-desk",2021-08-04,2021-07-04,33,92,841
567,"De-engineered client-server protocol",2020-04-13,2020-07-07,96,12,796
569,"Robust encompassing challenge",2021-01-10,2021-07-09,167,77,131
570,"Enterprise-wide motivating interface",2020-08-09,2021-02-19,76,213,260
571,"Customer-focused value-added hierarchy",2020-12-06,2021-08-02,417,48,814
572,"Versatile responsive groupware",2021-05-15,2021-03-18,408,73,615
573,"Organic optimal circuit",2021-09-27,2021-06-16,135,54,154
574,"Balanced asynchronous circuit",2020-07-10,2021-06-18,290,243,499
575,"Multi-channelled multi-tasking utilisation",2020-10-03,2021-03-11,449,378,944
576,"Inverse clear-thinking architecture",2020-06-23,2020-09-24,21,427,894
577,"Visionary disintermediate forecast",2021-06-12,2020-03-07,116,275,847
578,"Phased hybrid task-force",2020-04-06,2020-04-06,96,10,331
579,"Multi-lateral radical projection",2020-12-01,2020-03-03,118,107,4
580,"Multi-tiered interactive Graphic Interface",2021-03-30,2021-09-19,479,340,755
581,"Business-focused 6th generation hardware",2020-03-28,2020-03-12,427,16,161
582,"Quality-focused scalable functionalities",2021-11-08,2021-05-05,279,213,720
583,"Future-proofed methodical database",2020-10-24,2020-03-20,108,454,997
584,"Advanced client-driven concept",2020-03-07,2020-12-15,490,109,215
585,"Enterprise-wide executive paradigm",2021-10-16,2020-08-09,420,407,102
586,"Up-sized discrete internet solution",2020-06-03,2021-01-24,26,243,634
587,"Managed coherent open system",2021-07-27,2020-08-16,154,190,277
588,"Multi-channelled coherent definition",2020-05-19,2021-04-12,483,376,883
590,"Robust background hardware",2020-01-12,2020-06-05,114,460,271
591,"Stand-alone didactic standardization",2020-04-09,2020-06-04,440,198,396
592,"Right-sized reciprocal definition",2020-03-20,2020-12-01,376,423,901
593,"User-friendly asynchronous moratorium",2021-01-30,2020-04-08,459,104,966
594,"Down-sized maximized moderator",2020-02-02,2021-08-20,125,337,594
595,"Balanced 3rd generation paradigm",2020-10-22,2020-06-19,94,332,191
596,"Advanced solution-oriented productivity",2020-11-15,2020-06-19,370,435,383
597,"Function-based 3rd generation collaboration",2021-09-27,2021-08-09,492,208,660
599,"Networked client-driven emulation",2021-07-23,2021-06-28,125,352,137
600,"Enterprise-wide composite open system",2020-06-30,2021-02-23,284,50,761
601,"Optional optimal knowledge user",2020-04-10,2020-09-03,233,432,324
602,"Polarised zero administration success",2020-03-01,2021-07-26,248,248,460
603,"Visionary human-resource adapter",2020-11-17,2020-03-10,269,202,95
604,"Ameliorated local flexibility",2021-06-19,2021-06-02,484,472,465
605,"Integrated cohesive pricing structure",2020-06-18,2021-07-16,328,467,426
606,"Polarised optimal local area network",2020-05-01,2020-04-11,57,357,409
607,"Open-architected asynchronous model",2020-02-28,2021-09-21,5,155,293
608,"Managed asymmetric workforce",2021-05-21,2020-08-03,310,241,934
609,"Universal holistic open system",2021-03-08,2020-02-29,370,250,691
610,"Configurable uniform attitude",2020-05-07,2020-06-06,293,75,363
611,"Function-based systematic open system",2020-12-22,2021-02-17,278,225,839
612,"Seamless well-modulated support",2020-06-30,2020-04-19,335,256,555
613,"Optional radical benchmark",2020-08-06,2021-09-16,248,46,29
614,"Business-focused explicit help-desk",2021-04-07,2021-09-01,190,95,799
615,"Upgradable scalable data-warehouse",2021-05-17,2021-05-09,121,322,266
616,"Centralized object-oriented moderator",2020-10-20,2021-02-01,97,138,835
617,"Persistent contextually-based hardware",2020-06-14,2020-06-19,486,5,967
618,"Ameliorated bottom-line pricing structure",2020-12-16,2021-01-02,108,44,653
619,"Fully-configurable secondary middleware",2021-08-26,2021-06-23,178,367,886
620,"Fundamental static internet solution",2020-07-11,2021-05-15,349,60,7
621,"Triple-buffered empowering open system",2020-06-28,2021-03-11,53,475,125
622,"Multi-lateral 5th generation firmware",2021-09-12,2021-08-13,269,347,579
623,"Focused coherent moderator",2021-02-24,2021-08-22,486,435,512
624,"Multi-channelled discrete portal",2021-03-04,2021-06-11,153,127,704
625,"Horizontal object-oriented core",2020-07-18,2021-06-03,461,151,490
626,"Profit-focused 6th generation hierarchy",2021-03-09,2020-03-26,104,134,712
627,"Inverse explicit archive",2020-07-31,2021-05-25,357,19,428
628,"Stand-alone cohesive projection",2021-08-05,2020-11-18,85,462,816
629,"Managed system-worthy instruction set",2021-02-05,2021-01-05,166,461,927
630,"Vision-oriented demand-driven infrastructure",2020-10-14,2020-06-22,222,360,571
631,"Configurable asynchronous internet solution",2020-07-17,2021-10-06,348,315,230
632,"Programmable 6th generation extranet",2020-10-08,2020-11-14,309,61,440
633,"Monitored intermediate matrices",2020-09-09,2021-06-23,384,381,768
634,"Open-source background task-force",2021-01-01,2020-08-02,169,330,435
635,"Programmable national help-desk",2020-12-11,2021-04-06,300,222,539
636,"Open-source fault-tolerant firmware",2020-09-16,2020-10-04,27,482,326
637,"Switchable systemic open system",2020-02-22,2021-09-12,249,251,469
638,"Programmable multi-state process improvement",2020-05-24,2021-10-17,475,382,598
639,"Down-sized systematic firmware",2020-10-22,2020-10-01,496,272,5
640,"Grass-roots stable contingency",2020-12-08,2021-06-13,279,301,277
641,"Inverse content-based collaboration",2020-05-20,2021-01-22,152,300,420
642,"Synergistic 6th generation capability",2021-02-22,2021-09-04,222,43,506
643,"Triple-buffered incremental open architecture",2021-11-08,2020-02-18,341,470,402
644,"Business-focused motivating algorithm",2020-02-27,2020-12-13,369,94,31
645,"Cross-group tertiary time-frame",2021-04-26,2020-04-08,399,427,58
646,"Total well-modulated structure",2021-03-30,2021-07-24,369,180,144
647,"Stand-alone systemic functionalities",2020-06-23,2021-04-14,359,5,296
648,"Stand-alone executive encoding",2020-06-21,2020-06-19,162,282,200
650,"Upgradable radical matrix",2021-04-02,2021-08-16,281,392,718
651,"Persevering radical workforce",2020-07-03,2020-07-07,24,64,928
652,"Open-source scalable open architecture",2021-04-17,2020-09-14,413,114,24
653,"Phased directional archive",2020-09-01,2021-09-26,99,33,379
654,"User-friendly content-based capability",2021-02-09,2020-09-30,328,129,189
655,"Focused clear-thinking process improvement",2021-04-16,2020-05-21,369,321,703
656,"Function-based exuding budgetary management",2021-08-16,2021-02-16,91,255,108
657,"Vision-oriented content-based moderator",2020-03-31,2021-06-21,425,273,726
658,"Stand-alone homogeneous adapter",2021-08-11,2020-08-21,39,22,358
659,"Stand-alone demand-driven utilisation",2020-11-17,2021-05-25,135,263,6
660,"Streamlined real-time framework",2021-06-15,2020-02-14,475,489,832
661,"Devolved radical adapter",2020-01-08,2021-08-19,268,239,486
662,"Cross-group multi-tasking model",2020-10-07,2020-04-14,93,5,684
663,"Pre-emptive analyzing matrix",2021-09-23,2021-07-23,382,125,937
664,"Expanded human-resource framework",2021-04-27,2021-10-23,111,343,685
665,"Persevering impactful interface",2020-12-25,2020-12-26,120,221,142
666,"Automated explicit complexity",2020-04-21,2021-09-15,310,15,803
667,"Multi-tiered motivating alliance",2021-04-27,2020-04-09,241,16,770
669,"Configurable full-range algorithm",2020-03-26,2021-09-02,154,5,733
670,"Stand-alone 24/7 project",2020-02-26,2020-12-12,441,158,980
671,"Intuitive full-range flexibility",2020-08-22,2020-09-06,308,111,459
672,"Object-based 5th generation hierarchy",2021-10-08,2021-08-31,221,309,193
673,"Vision-oriented 4th generation policy",2020-10-25,2020-10-28,479,129,140
674,"Reverse-engineered regional circuit",2020-10-03,2020-09-29,78,396,836
675,"Multi-channelled optimal capacity",2020-09-29,2021-06-22,424,162,699
676,"Visionary tertiary throughput",2020-07-21,2020-09-01,238,188,972
677,"Versatile eco-centric application",2020-03-10,2021-05-05,418,362,800
678,"Focused homogeneous project",2021-09-27,2021-04-22,390,436,120
679,"Universal impactful success",2020-01-26,2021-05-25,76,243,689
680,"Synergistic asymmetric application",2020-02-14,2021-07-22,243,54,837
681,"Fully-configurable composite array",2020-04-16,2021-07-22,258,465,504
682,"Cross-group fresh-thinking ability",2020-08-04,2020-03-24,79,278,879
683,"Reduced disintermediate installation",2021-02-26,2021-11-06,197,216,938
684,"Upgradable impactful secured line",2020-05-31,2020-07-02,238,490,101
685,"Reactive content-based complexity",2021-10-08,2020-11-26,493,268,777
686,"Organic systemic structure",2021-06-08,2021-01-05,62,222,362
687,"Re-contextualized logistical framework",2021-10-26,2020-02-12,464,364,967
688,"Visionary optimizing algorithm",2020-08-09,2020-06-30,406,195,945
689,"Multi-layered contextually-based core",2021-06-29,2021-08-28,130,350,469
690,"Expanded contextually-based extranet",2021-06-04,2020-09-22,78,406,217
691,"Multi-lateral 24 hour website",2020-06-17,2021-07-11,406,358,788
692,"Decentralized incremental application",2020-04-08,2021-07-09,258,305,875
693,"Cross-platform multimedia capacity",2021-08-30,2020-12-21,426,414,250
694,"Expanded encompassing superstructure",2020-07-24,2021-04-17,294,406,291
695,"De-engineered fault-tolerant concept",2020-10-20,2020-12-18,387,312,916
696,"Enterprise-wide transitional initiative",2021-07-05,2020-09-01,127,205,707
697,"Adaptive impactful encryption",2021-10-16,2020-10-10,59,378,823
698,"Team-oriented methodical software",2020-10-05,2020-09-07,256,277,418
699,"Reactive methodical access",2020-11-06,2021-01-20,492,112,150
700,"Right-sized object-oriented product",2020-06-14,2020-08-16,86,108,510
701,"Optimized zero administration flexibility",2021-05-05,2021-11-08,439,303,976
702,"Optimized needs-based circuit",2020-07-30,2021-08-08,204,477,444
703,"Extended upward-trending process improvement",2020-10-21,2020-05-24,233,196,331
704,"Profound 3rd generation analyzer",2021-03-25,2020-03-09,321,353,458
705,"Advanced didactic superstructure",2021-08-10,2020-04-25,118,227,855
706,"Universal context-sensitive standardization",2021-10-25,2021-05-14,238,91,514
707,"Networked impactful instruction set",2020-11-09,2020-09-21,251,371,956
708,"Realigned asymmetric standardization",2021-09-08,2020-07-17,77,74,593
709,"Expanded eco-centric budgetary management",2021-05-17,2021-06-25,407,233,22
710,"Quality-focused uniform projection",2020-10-19,2021-04-29,376,323,228
711,"Persistent high-level instruction set",2021-03-17,2020-09-06,471,191,768
712,"Cross-group high-level secured line",2021-09-26,2020-08-09,220,188,114
713,"Cloned exuding forecast",2021-02-21,2021-09-06,353,359,3
714,"Fundamental intermediate open system",2021-04-21,2020-11-08,108,12,588
715,"Devolved dedicated support",2020-12-03,2021-02-03,62,417,348
716,"Reduced tertiary approach",2020-04-11,2020-05-15,281,45,576
717,"Object-based executive groupware",2021-03-10,2020-09-11,61,419,83
718,"Exclusive mission-critical moratorium",2021-06-02,2021-10-01,429,401,593
719,"Face to face mission-critical service-desk",2021-09-04,2020-11-27,318,32,570
720,"Implemented logistical help-desk",2020-02-18,2020-10-30,299,275,600
721,"Stand-alone uniform product",2021-03-08,2020-03-31,445,18,214
722,"Business-focused transitional application",2020-02-10,2021-01-15,188,34,961
723,"Managed reciprocal monitoring",2021-09-25,2020-04-08,146,482,94
724,"Operative executive archive",2021-09-20,2020-03-07,121,75,758
725,"Up-sized local database",2021-01-08,2021-01-04,189,467,847
726,"Universal non-volatile initiative",2021-08-14,2020-09-16,100,432,360
727,"Operative motivating alliance",2021-10-13,2021-04-06,333,360,800
728,"Expanded discrete Graphic Interface",2020-11-16,2020-10-08,83,396,554
729,"Adaptive global pricing structure",2020-04-28,2020-06-11,294,461,677
730,"Total incremental system engine",2021-05-05,2021-05-08,91,256,509
731,"Multi-lateral scalable challenge",2020-02-16,2020-04-19,81,373,884
732,"Function-based stable budgetary management",2021-10-07,2021-07-15,469,465,117
733,"Multi-channelled full-range knowledge base",2021-09-06,2021-03-14,276,134,393
735,"Grass-roots zero administration policy",2020-11-24,2020-09-29,315,108,483
736,"Innovative bifurcated artificial intelligence",2020-07-09,2021-10-13,176,103,736
737,"Business-focused mission-critical capability",2020-02-11,2021-08-01,143,392,32
738,"Re-engineered regional adapter",2021-08-11,2021-08-22,401,471,79
739,"Pre-emptive interactive open system",2020-06-25,2021-09-06,277,153,708
740,"Synergistic logistical infrastructure",2020-05-21,2020-10-02,57,433,739
741,"Enhanced discrete matrix",2021-08-05,2020-04-06,203,98,985
742,"Robust background utilisation",2020-01-15,2020-06-28,99,300,243
743,"Inverse heuristic info-mediaries",2021-05-11,2021-06-24,316,354,844
744,"Reactive dynamic circuit",2021-03-27,2021-09-19,394,484,166
745,"Horizontal multimedia model",2020-12-20,2020-07-13,133,373,544
746,"Ameliorated executive software",2020-08-26,2020-08-05,486,243,225
747,"Visionary disintermediate forecast",2020-07-18,2021-03-13,151,12,908
748,"Pre-emptive web-enabled database",2020-07-05,2020-03-14,425,292,387
749,"Face to face user-facing intranet",2020-07-30,2020-07-19,177,486,606
750,"Proactive systemic matrices",2020-01-07,2021-04-04,500,432,52
751,"Cross-group incremental benchmark",2021-04-14,2020-11-24,340,352,485
752,"Distributed client-server monitoring",2020-04-02,2021-06-12,267,246,614
753,"Reverse-engineered scalable flexibility",2021-06-22,2020-04-27,339,199,420
754,"Streamlined full-range throughput",2020-05-27,2020-08-20,100,446,730
755,"Switchable 6th generation analyzer",2021-01-22,2021-01-02,300,449,179
756,"User-centric object-oriented service-desk",2021-07-20,2021-07-21,197,309,380
757,"Switchable 6th generation archive",2020-01-18,2021-02-15,196,431,862
758,"Streamlined web-enabled structure",2020-03-02,2021-06-23,65,74,597
759,"Stand-alone bandwidth-monitored task-force",2020-11-11,2020-04-06,96,379,136
760,"Streamlined homogeneous standardization",2020-12-30,2021-06-29,322,345,319
761,"Advanced tangible internet solution",2020-01-29,2020-04-11,248,4,74
762,"Innovative coherent software",2021-05-20,2021-08-04,268,126,947
763,"Customer-focused grid-enabled architecture",2020-12-05,2020-12-05,155,2,726
764,"Pre-emptive high-level system engine",2021-09-06,2021-01-28,306,325,232
765,"Assimilated tangible product",2020-06-24,2021-06-13,221,279,923
766,"Multi-channelled upward-trending project",2020-09-15,2021-01-16,5,284,773
767,"Cross-group global protocol",2020-08-11,2020-03-19,87,271,283
768,"Ameliorated radical software",2021-06-02,2021-01-13,193,101,366
769,"Focused 24/7 alliance",2020-06-17,2020-09-29,359,204,93
770,"Sharable executive open system",2020-06-04,2021-03-21,291,154,183
771,"Adaptive 24/7 adapter",2020-12-26,2021-05-16,420,433,834
772,"Cloned context-sensitive encoding",2021-02-15,2021-10-17,100,67,651
773,"Multi-layered dedicated frame",2021-05-14,2021-01-07,259,422,845
774,"Pre-emptive multi-state groupware",2021-03-14,2020-02-28,45,339,881
775,"Down-sized methodical initiative",2020-01-27,2021-04-05,208,360,333
776,"Operative contextually-based access",2021-03-02,2020-07-21,107,233,695
777,"Innovative neutral methodology",2020-05-01,2020-03-24,401,373,717
778,"Mandatory contextually-based groupware",2020-07-07,2020-07-17,162,226,649
779,"Object-based secondary archive",2020-04-24,2021-05-05,467,93,972
780,"Self-enabling cohesive service-desk",2021-08-05,2020-06-13,18,352,920
781,"Digitized transitional middleware",2021-07-05,2021-08-08,455,479,190
782,"Enhanced heuristic superstructure",2020-12-21,2020-08-22,130,446,705
784,"Focused interactive leverage",2021-05-14,2021-04-14,422,57,838
785,"Up-sized reciprocal intranet",2020-04-22,2021-10-06,90,51,120
786,"Operative foreground attitude",2021-07-17,2020-03-29,384,209,354
787,"Down-sized methodical complexity",2020-10-26,2020-11-27,97,479,752
788,"Innovative zero defect collaboration",2020-01-26,2020-09-25,260,131,900
789,"Centralized dedicated protocol",2021-04-13,2020-12-09,216,417,893
790,"Vision-oriented interactive groupware",2021-04-07,2020-10-03,491,480,63
791,"Public-key global knowledge base",2020-01-29,2020-09-28,441,286,628
792,"Implemented intermediate protocol",2021-03-15,2020-12-17,446,30,845
793,"Open-architected hybrid matrix",2021-04-17,2020-05-25,113,340,394
794,"Phased reciprocal neural-net",2020-08-08,2021-04-27,356,275,323
796,"Innovative global initiative",2020-05-20,2020-05-17,375,256,788
797,"Versatile incremental attitude",2021-08-03,2021-10-12,182,161,921
798,"Cloned 5th generation orchestration",2021-09-17,2020-09-04,403,210,86
799,"Exclusive grid-enabled time-frame",2020-10-23,2020-06-22,207,474,782
800,"Reverse-engineered full-range orchestration",2020-09-01,2021-05-11,305,462,31
801,"Robust systematic concept",2021-06-22,2020-06-10,440,213,281
802,"Multi-tiered static framework",2020-03-06,2020-05-10,464,214,658
804,"Balanced encompassing matrix",2021-05-20,2021-03-18,7,317,204
805,"Down-sized bifurcated neural-net",2020-04-27,2020-09-16,49,95,446
806,"Persistent disintermediate data-warehouse",2020-08-07,2021-01-29,351,321,417
807,"Ergonomic motivating success",2020-07-16,2021-03-26,225,99,580
808,"User-centric bandwidth-monitored hierarchy",2021-01-18,2021-04-19,171,258,94
809,"Innovative executive strategy",2020-12-24,2020-07-30,41,96,612
810,"Inverse bottom-line frame",2020-06-11,2020-02-28,264,238,929
812,"Extended fresh-thinking website",2021-03-29,2021-08-19,410,137,295
813,"Realigned stable definition",2021-06-12,2021-09-25,143,463,68
814,"Configurable client-driven model",2020-02-14,2021-04-11,484,250,820
815,"Cross-group mobile migration",2020-12-29,2020-05-31,323,372,437
816,"Stand-alone directional support",2020-02-18,2021-02-14,78,7,982
817,"Enhanced content-based implementation",2021-02-15,2020-06-08,190,213,960
818,"Profound tertiary capability",2020-10-12,2020-08-04,214,65,257
819,"Sharable asymmetric analyzer",2021-05-14,2020-08-23,24,14,293
820,"Synergistic asynchronous middleware",2020-02-17,2021-06-14,323,282,486
821,"Visionary 3rd generation productivity",2021-04-09,2020-02-22,365,106,761
822,"Mandatory interactive neural-net",2021-02-21,2021-01-15,456,11,663
823,"Polarised systematic project",2021-02-14,2021-04-08,438,306,213
824,"Integrated zero defect approach",2020-05-29,2021-08-09,337,294,911
825,"Object-based bandwidth-monitored contingency",2020-10-21,2020-10-11,492,360,709
826,"Exclusive user-facing alliance",2020-08-23,2020-06-06,360,190,616
827,"Operative intermediate concept",2020-12-10,2021-09-15,94,119,311
828,"Operative maximized firmware",2020-06-14,2020-07-22,334,142,591
829,"Multi-layered high-level instruction set",2021-06-28,2021-11-04,392,79,140
830,"Right-sized value-added archive",2020-09-08,2020-05-21,53,399,249
831,"Intuitive tertiary standardization",2021-10-12,2021-09-02,308,383,512
832,"Object-based system-worthy data-warehouse",2020-02-11,2020-08-24,317,118,608
834,"Reduced transitional Graphical User Interface",2020-06-26,2021-03-14,152,165,549
835,"Sharable intangible orchestration",2020-06-05,2020-03-28,162,360,938
836,"Proactive full-range info-mediaries",2021-04-29,2021-07-27,272,464,91
837,"Devolved interactive portal",2020-06-13,2021-06-13,271,51,209
838,"Triple-buffered foreground function",2020-04-23,2021-10-21,259,8,818
839,"Integrated contextually-based circuit",2020-10-28,2020-04-08,5,296,561
840,"Fully-configurable incremental help-desk",2021-02-18,2021-03-23,1,484,314
841,"Fundamental intermediate toolset",2021-09-21,2021-02-04,416,387,612
842,"Ergonomic actuating conglomeration",2021-11-03,2020-10-13,3,499,810
843,"Multi-tiered background instruction set",2021-09-22,2020-03-17,61,343,490
844,"Pre-emptive local throughput",2021-07-08,2020-10-01,84,407,756
845,"Object-based dedicated encryption",2021-05-23,2020-10-21,302,194,531
846,"Vision-oriented actuating matrix",2021-04-12,2021-07-15,422,138,449
847,"Open-source hybrid groupware",2020-12-17,2021-10-30,168,266,602
848,"Streamlined regional solution",2021-04-02,2021-05-16,265,76,409
849,"Organized holistic moderator",2021-10-10,2021-06-19,198,475,623
850,"Seamless tertiary hardware",2021-04-16,2020-05-20,306,165,224
851,"Grass-roots zero tolerance encoding",2020-07-10,2020-06-09,207,14,572
852,"User-centric 4th generation instruction set",2021-08-03,2021-11-08,351,253,586
853,"Cross-platform neutral process improvement",2021-09-24,2021-06-22,158,276,272
854,"Team-oriented interactive encoding",2020-03-19,2020-10-24,197,441,961
855,"Synergistic composite projection",2021-03-28,2020-06-18,174,190,72
856,"De-engineered human-resource attitude",2021-02-12,2020-04-16,394,267,521
857,"Managed foreground help-desk",2021-04-06,2020-12-16,460,369,888
858,"Advanced asynchronous access",2020-09-08,2021-06-17,500,434,581
859,"Synchronised bottom-line secured line",2020-07-13,2020-06-30,2,445,147
860,"Enterprise-wide homogeneous workforce",2020-02-18,2020-02-18,176,154,680
861,"Proactive disintermediate adapter",2020-01-31,2021-03-23,286,455,793
862,"Balanced holistic structure",2021-04-13,2020-02-26,231,240,427
863,"Balanced coherent analyzer",2021-10-28,2021-10-08,337,433,350
864,"Vision-oriented bottom-line secured line",2021-05-20,2021-04-21,228,404,916
865,"Realigned demand-driven complexity",2021-04-04,2021-08-16,101,137,416
866,"Streamlined holistic migration",2021-08-27,2021-07-31,287,356,990
867,"Fundamental tertiary neural-net",2020-08-20,2021-05-18,384,231,193
868,"Devolved even-keeled middleware",2020-11-25,2021-05-02,92,453,774
869,"Advanced explicit access",2020-07-04,2020-04-06,326,387,168
870,"Down-sized national matrices",2020-11-30,2020-07-05,214,143,715
871,"Ameliorated impactful migration",2020-06-04,2021-02-16,137,189,170
872,"Customizable interactive matrix",2020-02-24,2021-01-13,435,221,44
873,"Public-key motivating toolset",2021-01-01,2021-11-11,304,143,626
874,"Fundamental cohesive emulation",2021-10-25,2020-05-04,341,218,101
875,"Focused asynchronous Graphical User Interface",2021-11-13,2020-10-20,340,35,272
876,"Assimilated transitional website",2020-02-01,2021-03-02,98,325,356
877,"Secured multi-tasking model",2020-05-07,2021-01-07,469,282,7
878,"Face to face executive complexity",2020-09-22,2021-07-22,1,369,44
879,"Innovative national superstructure",2020-07-21,2020-07-22,260,208,366
880,"De-engineered asymmetric installation",2020-12-26,2021-04-24,100,46,791
881,"Realigned hybrid adapter",2021-10-25,2020-12-12,140,390,821
882,"Visionary attitude-oriented collaboration",2021-01-09,2020-09-12,484,480,569
883,"Monitored contextually-based forecast",2021-09-30,2020-07-07,229,138,532
884,"Networked discrete leverage",2020-11-29,2021-09-18,46,69,393
885,"Decentralized heuristic model",2021-08-04,2020-06-17,427,127,43
886,"Multi-channelled modular budgetary management",2021-02-04,2021-10-02,100,403,575
887,"Total asynchronous initiative",2021-10-04,2020-12-05,222,297,672
888,"Reduced radical time-frame",2020-06-02,2021-10-14,79,384,57
889,"Reactive maximized orchestration",2021-06-22,2021-02-25,130,218,305
890,"Re-engineered neutral Graphic Interface",2021-07-03,2021-09-02,261,223,614
891,"Persistent well-modulated extranet",2021-07-27,2021-03-31,206,151,488
892,"Implemented dedicated budgetary management",2021-05-24,2021-08-11,391,291,103
893,"Switchable optimal product",2020-09-27,2021-11-07,147,213,351
894,"Open-source exuding migration",2020-12-20,2021-01-15,106,137,456
895,"Versatile regional monitoring",2020-03-09,2021-11-08,217,96,792
896,"Configurable actuating info-mediaries",2020-07-23,2020-10-26,365,323,785
897,"Exclusive multi-state support",2020-10-10,2020-09-25,437,39,217
898,"Persevering regional array",2020-09-17,2020-10-23,271,173,628
899,"Integrated bandwidth-monitored leverage",2021-08-08,2020-10-23,361,203,40
900,"Virtual homogeneous capability",2020-09-20,2020-05-16,209,330,545
901,"Automated human-resource access",2020-12-28,2020-06-19,407,103,606
902,"Focused discrete migration",2020-03-31,2021-08-23,489,189,529
903,"Multi-channelled intermediate matrix",2021-07-02,2020-08-16,234,232,448
904,"Team-oriented interactive groupware",2020-04-08,2021-08-15,229,162,701
905,"Synergistic hybrid flexibility",2021-06-27,2020-06-29,59,311,177
906,"Reduced methodical model",2021-02-01,2021-10-10,55,277,853
907,"Distributed mission-critical utilisation",2020-06-02,2020-05-28,391,179,734
908,"Advanced zero defect internet solution",2021-02-28,2020-07-28,211,347,741
909,"Compatible 24/7 focus group",2020-08-01,2020-03-28,389,469,303
910,"Face to face actuating moratorium",2020-12-30,2020-12-18,415,126,332
911,"Re-engineered maximized throughput",2021-07-18,2020-08-04,148,386,144
912,"Horizontal multimedia extranet",2021-10-17,2021-04-02,457,122,875
913,"Up-sized eco-centric open system",2020-03-11,2020-12-03,475,105,383
914,"Virtual impactful open system",2021-10-22,2021-04-09,479,318,324
915,"Inverse explicit conglomeration",2021-08-02,2020-11-30,119,71,404
916,"Horizontal client-driven frame",2021-03-26,2020-10-17,152,470,579
917,"Multi-lateral zero defect help-desk",2021-08-10,2020-11-10,84,293,557
918,"Extended asymmetric contingency",2020-07-23,2020-09-21,125,302,16
919,"Vision-oriented system-worthy portal",2021-06-19,2020-11-05,111,401,458
920,"Organized homogeneous infrastructure",2021-07-27,2020-11-03,194,47,600
922,"User-centric 4th generation orchestration",2020-07-19,2021-03-29,85,215,965
923,"Diverse zero defect productivity",2020-03-07,2021-09-02,417,362,536
924,"Centralized heuristic process improvement",2021-10-07,2020-04-04,116,73,366
925,"Grass-roots modular throughput",2020-03-16,2020-03-02,470,43,430
926,"Streamlined multi-tasking attitude",2020-01-13,2020-10-14,172,35,114
928,"Profit-focused asynchronous productivity",2020-01-15,2020-08-21,94,395,887
929,"Re-engineered bi-directional instruction set",2020-01-31,2021-11-02,118,177,747
930,"Re-contextualized grid-enabled extranet",2021-04-27,2021-08-05,346,324,503
931,"Extended holistic hardware",2021-02-23,2020-06-15,138,312,872
932,"User-centric mission-critical intranet",2021-10-16,2020-10-29,85,127,54
933,"Multi-channelled actuating support",2020-09-04,2021-08-21,475,332,69
934,"Fundamental user-facing success",2021-05-17,2021-03-04,475,20,116
935,"Ameliorated impactful software",2020-09-29,2021-09-22,365,270,193
936,"Persevering bifurcated open architecture",2021-09-06,2020-07-20,460,270,349
937,"Advanced encompassing complexity",2020-03-02,2020-05-11,232,189,803
938,"Proactive local customer loyalty",2020-10-27,2021-03-13,342,299,627
939,"Networked homogeneous budgetary management",2021-09-27,2021-10-23,233,415,690
940,"Multi-channelled full-range function",2021-04-27,2020-07-23,82,41,238
941,"Grass-roots fault-tolerant concept",2020-10-29,2020-05-09,183,431,518
942,"Visionary composite strategy",2020-02-04,2020-05-11,453,316,836
943,"Triple-buffered methodical algorithm",2020-11-22,2021-06-11,129,48,94
944,"Extended transitional definition",2021-03-11,2021-09-13,399,50,427
945,"Devolved empowering productivity",2020-06-09,2020-04-16,10,431,421
946,"Quality-focused homogeneous approach",2020-09-09,2020-11-30,191,146,281
947,"Expanded context-sensitive adapter",2020-12-31,2020-02-16,140,147,419
948,"Configurable grid-enabled extranet",2021-09-16,2021-01-31,95,365,756
949,"Re-engineered 5th generation contingency",2020-04-06,2020-03-10,25,401,197
950,"Reactive incremental core",2020-09-19,2021-08-06,391,474,758
951,"Operative zero defect flexibility",2021-07-01,2020-05-17,99,9,499
952,"Versatile bi-directional database",2020-01-24,2021-01-03,87,207,951
953,"Stand-alone fault-tolerant pricing structure",2021-10-09,2020-06-23,142,108,100
954,"Balanced secondary methodology",2020-08-11,2021-09-15,278,375,838
955,"Customer-focused secondary approach",2021-09-15,2021-04-24,432,297,108
956,"Team-oriented holistic function",2020-12-25,2020-06-21,55,82,557
957,"Triple-buffered holistic throughput",2021-01-24,2021-04-14,215,331,949
958,"Customer-focused scalable workforce",2021-05-25,2021-10-23,361,260,365
959,"Implemented client-server emulation",2021-10-30,2020-04-23,226,22,986
960,"Organic holistic groupware",2020-09-25,2020-09-06,97,476,464
961,"Stand-alone dedicated attitude",2020-05-30,2021-03-19,218,363,644
962,"De-engineered client-driven moratorium",2020-05-22,2020-08-07,413,17,542
963,"De-engineered real-time firmware",2020-12-08,2021-06-28,172,433,655
964,"Open-source composite alliance",2020-05-13,2021-01-29,113,167,571
965,"Robust explicit alliance",2020-06-10,2021-10-22,282,198,291
966,"Right-sized multimedia matrix",2020-06-11,2020-07-05,373,319,579
967,"Grass-roots zero tolerance core",2020-12-31,2020-03-05,18,317,877
968,"Operative real-time utilisation",2021-03-01,2021-10-15,141,207,292
969,"Switchable 4th generation process improvement",2020-12-26,2020-04-08,226,267,770
970,"Face to face uniform analyzer",2020-12-10,2021-07-27,460,254,871
971,"Profound mobile leverage",2020-06-09,2021-01-13,52,460,463
972,"Universal full-range portal",2020-09-29,2020-03-12,80,438,828
973,"Streamlined mission-critical challenge",2020-12-03,2021-04-12,468,500,586
974,"Progressive systematic project",2021-09-17,2021-01-30,110,410,226
975,"Cloned attitude-oriented product",2020-11-14,2020-04-03,121,68,193
976,"Managed client-server analyzer",2020-10-25,2021-08-24,491,45,872
977,"Self-enabling modular adapter",2020-05-29,2020-03-21,133,236,770
978,"Versatile real-time collaboration",2020-03-11,2021-10-07,376,419,771
979,"Multi-lateral bifurcated complexity",2020-03-21,2021-06-04,245,117,514
980,"Organic bandwidth-monitored hardware",2020-05-13,2020-11-26,354,393,833
981,"Persevering tertiary task-force",2020-08-06,2021-03-17,368,158,150
983,"Reduced systematic strategy",2021-11-10,2021-08-29,282,306,600
984,"Enhanced holistic moratorium",2021-09-14,2020-04-07,86,192,321
985,"Devolved human-resource local area network",2021-10-04,2020-04-11,161,55,425
986,"Front-line 3rd generation matrices",2021-05-16,2020-10-10,102,247,712
987,"Multi-layered user-facing solution",2020-05-11,2021-11-01,350,197,780
988,"Object-based stable utilisation",2020-01-08,2020-03-04,342,81,314
989,"Self-enabling eco-centric process improvement",2021-04-18,2021-07-27,385,159,640
990,"Integrated 5th generation process improvement",2021-02-16,2021-05-25,333,252,853
991,"Implemented regional migration",2021-08-24,2021-10-28,359,317,432
992,"Multi-channelled transitional application",2021-08-17,2021-03-13,286,310,648
993,"Virtual didactic policy",2020-11-29,2020-09-15,286,350,132
994,"Enterprise-wide methodical portal",2020-04-26,2020-12-11,266,457,651
995,"Reactive national archive",2020-11-08,2021-05-22,485,451,601
996,"Mandatory human-resource core",2020-06-20,2020-08-02,423,247,151
997,"Face to face human-resource architecture",2021-05-10,2020-03-16,471,112,292
998,"Inverse homogeneous installation",2020-11-11,2021-08-03,130,417,745
999,"Multi-tiered secondary circuit",2020-01-13,2021-05-14,241,375,913
1000,"Devolved 24/7 system engine",2021-10-06,2021-10-07,395,264,232
